customer_id,region,total_spent,total_orders,repeat_purchase_flag
CUST00001,North,75533.48,93,Yes
CUST00002,East,156158.51,21,Yes
CUST00003,East,32042.91,75,Yes
CUST00004,South,67408.01,24,No
CUST00005,East,12225.9,88,No
CUST00006,North,43255.48,64,No
CUST00007,South,123878.82,58,Yes
CUST00008,North,86957.06,49,Yes
CUST00009,West,80572.33,92,No
CUST00010,West,47321.5,62,No
CUST00011,North,40735.08,55,No
CUST00012,West,93885.82,51,No
CUST00013,East,90649.35,18,No
CUST00014,North,193160.77,9,Yes
CUST00015,North,46947.87,92,Yes
CUST00016,North,25285.61,8,Yes
CUST00017,South,181954.76,36,Yes
CUST00018,West,151316.92,6,Yes
CUST00019,East,113972.37,93,No
CUST00020,East,155251.43,34,Yes
CUST00021,East,185405.11,95,No
CUST00022,West,18610.01,87,Yes
CUST00023,West,192273.23,85,Yes
CUST00024,East,54998.46,53,Yes
CUST00025,West,193085.81,60,Yes
CUST00026,North,29043.92,15,Yes
CUST00027,North,4111.64,9,No
CUST00028,South,40544.42,88,Yes
CUST00029,West,40569.64,8,No
CUST00030,West,154482.8,5,No
CUST00031,North,130564.33,28,No
CUST00032,West,125036.33,34,Yes
CUST00033,West,74792.83,62,Yes
CUST00034,South,146191.63,86,No
CUST00035,North,94970.77,47,No
CUST00036,West,152396.22,90,Yes
CUST00037,South,51957.6,27,Yes
CUST00038,South,86080.66,42,Yes
CUST00039,East,41142.12,96,Yes
CUST00040,North,63556.84,96,No
CUST00041,West,28726.96,15,No
CUST00042,West,46530.83,32,Yes
CUST00043,South,139262.2,28,No
CUST00044,East,161815.96,57,Yes
CUST00045,South,91850.38,44,Yes
CUST00046,North,176772.77,92,Yes
CUST00047,West,181458.86,1,Yes
CUST00048,North,85994.45,77,No
CUST00049,West,2383.47,72,Yes
CUST00050,South,97481.16,97,Yes
CUST00051,East,68185.42,79,Yes
CUST00052,East,44534.08,88,No
CUST00053,South,73362.29,58,No
CUST00054,South,51104.68,2,No
CUST00055,West,30469.3,56,Yes
CUST00056,West,122303.3,2,Yes
CUST00057,East,7577.1,96,No
CUST00058,West,48672.82,2,Yes
CUST00059,East,90108.85,70,Yes
CUST00060,South,134754.97,75,Yes
CUST00061,South,49189.83,38,Yes
CUST00062,North,126828.86,70,Yes
CUST00063,South,163469.94,16,No
CUST00064,East,64835.23,70,No
CUST00065,South,171813.4,59,Yes
CUST00066,West,142518.76,19,Yes
CUST00067,East,20139.13,33,Yes
CUST00068,North,104032.52,1,No
CUST00069,South,147308.01,50,No
CUST00070,West,175590.53,99,Yes
CUST00071,East,35816.03,60,Yes
CUST00072,South,199254.49,12,Yes
CUST00073,North,176644.63,9,Yes
CUST00074,North,140371.21,80,No
CUST00075,West,177530.2,33,Yes
CUST00076,West,17743.85,72,No
CUST00077,South,134128.66,99,Yes
CUST00078,West,188086.56,25,Yes
CUST00079,North,33000.8,82,Yes
CUST00080,South,90236.4,61,Yes
CUST00081,South,142723.67,33,Yes
CUST00082,East,36585.72,8,No
CUST00083,West,131864.97,33,Yes
CUST00084,North,102254.0,86,Yes
CUST00085,North,49553.94,38,No
CUST00086,East,97861.69,8,Yes
CUST00087,North,159167.45,30,Yes
CUST00088,East,134115.89,97,Yes
CUST00089,West,144767.97,19,Yes
CUST00090,East,153942.25,17,No
CUST00091,East,94518.96,46,No
CUST00092,West,74661.58,37,No
CUST00093,East,86208.65,53,Yes
CUST00094,North,196085.99,63,Yes
CUST00095,East,38991.3,33,Yes
CUST00096,East,34729.06,25,Yes
CUST00097,South,168998.42,67,Yes
CUST00098,East,20338.12,32,No
CUST00099,North,72370.71,27,Yes
CUST00100,East,65187.6,33,Yes
CUST00101,North,142073.29,39,Yes
CUST00102,East,162062.87,99,Yes
CUST00103,West,122691.23,60,Yes
CUST00104,South,100801.74,45,Yes
CUST00105,West,15117.24,16,Yes
CUST00106,East,177436.81,15,Yes
CUST00107,North,19702.41,87,No
CUST00108,West,66302.38,58,Yes
CUST00109,East,58021.71,58,No
CUST00110,West,50800.02,42,No
CUST00111,North,72677.94,60,Yes
CUST00112,South,165745.93,60,Yes
CUST00113,North,124955.2,68,No
CUST00114,West,39681.63,94,Yes
CUST00115,East,127848.55,52,Yes
CUST00116,East,193937.84,30,Yes
CUST00117,East,80365.36,19,Yes
CUST00118,West,16612.82,90,No
CUST00119,North,167360.04,9,No
CUST00120,North,12580.53,1,Yes
CUST00121,West,48717.68,48,Yes
CUST00122,West,186988.19,1,No
CUST00123,North,147841.49,63,Yes
CUST00124,East,146277.82,67,Yes
CUST00125,East,71838.56,86,Yes
CUST00126,West,24098.46,69,Yes
CUST00127,North,62971.25,62,No
CUST00128,West,95360.59,90,No
CUST00129,West,161575.68,33,Yes
CUST00130,West,130304.96,10,No
CUST00131,North,177449.4,52,Yes
CUST00132,East,125546.12,58,Yes
CUST00133,East,108336.11,4,Yes
CUST00134,South,188834.43,2,Yes
CUST00135,West,117569.34,91,No
CUST00136,North,135756.5,35,Yes
CUST00137,West,92192.33,51,No
CUST00138,East,125561.99,65,No
CUST00139,North,181164.78,44,Yes
CUST00140,East,43703.23,46,Yes
CUST00141,North,19794.15,35,Yes
CUST00142,South,131488.8,93,No
CUST00143,North,5631.12,34,Yes
CUST00144,North,99711.45,58,No
CUST00145,West,126159.63,29,Yes
CUST00146,North,84171.26,36,Yes
CUST00147,West,150372.34,64,Yes
CUST00148,East,146597.9,36,Yes
CUST00149,South,155506.18,24,No
CUST00150,South,112811.47,12,Yes
CUST00151,East,150423.34,89,Yes
CUST00152,West,76168.05,62,Yes
CUST00153,East,78534.0,13,No
CUST00154,North,78451.13,12,No
CUST00155,North,169581.49,9,Yes
CUST00156,South,190062.33,52,Yes
CUST00157,North,126735.61,69,Yes
CUST00158,East,66404.24,85,No
CUST00159,North,158524.23,57,Yes
CUST00160,West,186254.89,58,Yes
CUST00161,North,110356.25,5,No
CUST00162,South,109637.24,75,Yes
CUST00163,North,29455.34,74,No
CUST00164,South,173506.87,7,Yes
CUST00165,South,45292.71,9,No
CUST00166,North,141542.2,5,Yes
CUST00167,North,47412.39,8,Yes
CUST00168,East,74757.79,17,No
CUST00169,South,197214.21,4,Yes
CUST00170,South,141928.06,19,No
CUST00171,West,112122.45,91,Yes
CUST00172,West,66720.25,67,Yes
CUST00173,South,81635.22,58,No
CUST00174,West,153671.78,39,No
CUST00175,East,117090.38,62,Yes
CUST00176,East,96065.26,25,No
CUST00177,North,45495.57,6,No
CUST00178,East,195602.23,45,Yes
CUST00179,South,178337.48,85,No
CUST00180,South,15685.52,99,No
CUST00181,North,16011.47,47,Yes
CUST00182,South,139453.99,31,No
CUST00183,East,139688.09,3,No
CUST00184,West,10043.83,12,No
CUST00185,South,12514.92,76,Yes
CUST00186,North,67796.35,92,Yes
CUST00187,North,78265.41,60,Yes
CUST00188,West,16469.19,41,Yes
CUST00189,South,91194.93,63,Yes
CUST00190,East,62596.0,84,Yes
CUST00191,East,54920.57,13,No
CUST00192,South,164684.91,82,Yes
CUST00193,West,116651.36,25,Yes
CUST00194,South,186612.97,5,Yes
CUST00195,West,75916.21,65,Yes
CUST00196,East,197071.92,11,Yes
CUST00197,West,76797.28,86,No
CUST00198,West,114247.21,33,Yes
CUST00199,South,83549.08,1,Yes
CUST00200,East,15996.45,92,No
CUST00201,East,199943.82,3,Yes
CUST00202,East,154028.5,37,No
CUST00203,North,76192.26,85,Yes
CUST00204,West,26702.72,51,Yes
CUST00205,South,42238.3,65,No
CUST00206,West,124007.52,92,Yes
CUST00207,West,5414.76,34,Yes
CUST00208,South,166442.93,50,No
CUST00209,North,110829.46,5,Yes
CUST00210,West,158571.75,17,Yes
CUST00211,East,6727.75,79,No
CUST00212,East,128232.91,75,Yes
CUST00213,West,28137.92,98,Yes
CUST00214,South,118393.62,30,Yes
CUST00215,East,19109.42,98,Yes
CUST00216,North,103283.91,88,No
CUST00217,East,60293.93,51,No
CUST00218,South,159497.88,10,No
CUST00219,South,98931.14,84,Yes
CUST00220,South,196026.48,53,Yes
CUST00221,North,42617.03,43,Yes
CUST00222,North,16096.8,23,Yes
CUST00223,South,31228.64,16,Yes
CUST00224,South,37194.14,56,Yes
CUST00225,South,174989.2,27,No
CUST00226,South,35291.65,51,Yes
CUST00227,West,34618.08,92,Yes
CUST00228,East,7329.13,70,Yes
CUST00229,East,92694.97,90,No
CUST00230,North,26620.93,90,No
CUST00231,East,8823.12,47,Yes
CUST00232,North,17270.05,94,Yes
CUST00233,West,76079.91,81,Yes
CUST00234,West,161434.05,99,Yes
CUST00235,North,42660.52,56,Yes
CUST00236,North,124032.7,87,Yes
CUST00237,West,144382.7,26,Yes
CUST00238,West,51234.95,7,No
CUST00239,East,169043.69,18,Yes
CUST00240,West,106990.84,15,Yes
CUST00241,North,147743.64,28,Yes
CUST00242,West,65093.75,86,Yes
CUST00243,South,24832.66,17,Yes
CUST00244,North,95320.02,10,No
CUST00245,South,100190.0,86,Yes
CUST00246,North,149342.46,83,Yes
CUST00247,East,68151.92,52,Yes
CUST00248,West,114584.88,56,Yes
CUST00249,West,66739.35,33,Yes
CUST00250,North,45841.23,70,Yes
CUST00251,North,32975.59,75,Yes
CUST00252,North,161367.11,24,No
CUST00253,South,16966.52,31,Yes
CUST00254,North,196493.34,95,No
CUST00255,East,115623.69,75,No
CUST00256,North,163597.34,94,Yes
CUST00257,North,134060.0,57,No
CUST00258,South,107472.31,26,Yes
CUST00259,South,154129.09,70,No
CUST00260,South,142479.54,84,Yes
CUST00261,South,49239.54,47,No
CUST00262,North,153788.12,38,Yes
CUST00263,South,31718.18,77,Yes
CUST00264,East,11312.88,50,Yes
CUST00265,West,110172.02,10,No
CUST00266,South,65148.42,2,Yes
CUST00267,East,28626.13,73,No
CUST00268,South,119532.11,24,Yes
CUST00269,North,159063.6,95,No
CUST00270,South,166293.26,50,Yes
CUST00271,West,146442.63,9,Yes
CUST00272,North,76466.49,1,No
CUST00273,East,115320.15,64,No
CUST00274,South,165760.24,14,No
CUST00275,West,165201.4,37,No
CUST00276,South,133374.25,26,No
CUST00277,East,63923.12,42,Yes
CUST00278,West,163503.29,39,No
CUST00279,North,180033.82,38,Yes
CUST00280,South,88310.19,97,Yes
CUST00281,East,180015.34,66,Yes
CUST00282,West,181387.95,51,Yes
CUST00283,East,86874.1,67,Yes
CUST00284,West,67646.22,64,Yes
CUST00285,South,175847.19,33,Yes
CUST00286,East,178884.62,36,No
CUST00287,East,150728.22,27,No
CUST00288,East,7672.95,86,No
CUST00289,North,99302.32,74,Yes
CUST00290,East,164430.2,31,Yes
CUST00291,North,91943.04,52,Yes
CUST00292,East,159661.78,5,Yes
CUST00293,South,82382.08,45,No
CUST00294,East,128588.38,36,Yes
CUST00295,East,51108.01,69,No
CUST00296,North,191855.88,38,Yes
CUST00297,West,85295.78,90,No
CUST00298,East,31516.93,13,Yes
CUST00299,South,21058.13,97,Yes
CUST00300,South,174552.66,76,Yes
CUST00301,North,183831.35,5,No
CUST00302,South,141740.49,92,Yes
CUST00303,North,14715.39,51,No
CUST00304,South,186939.04,86,No
CUST00305,West,25439.35,21,Yes
CUST00306,West,38077.86,87,No
CUST00307,North,174109.38,55,Yes
CUST00308,East,121970.98,47,Yes
CUST00309,South,67704.25,52,No
CUST00310,North,121140.58,35,Yes
CUST00311,South,107941.72,75,No
CUST00312,East,93674.32,91,No
CUST00313,East,90991.37,43,Yes
CUST00314,South,182637.14,54,Yes
CUST00315,East,100175.19,70,Yes
CUST00316,North,62983.16,29,Yes
CUST00317,North,126820.59,28,Yes
CUST00318,East,103519.56,81,No
CUST00319,East,30583.88,86,Yes
CUST00320,North,199377.98,49,Yes
CUST00321,North,62677.45,94,No
CUST00322,North,42771.21,83,Yes
CUST00323,South,94178.13,49,Yes
CUST00324,North,94941.32,40,Yes
CUST00325,West,59514.89,47,Yes
CUST00326,East,107356.72,94,Yes
CUST00327,West,31892.81,1,Yes
CUST00328,South,16025.17,3,Yes
CUST00329,North,54878.19,34,Yes
CUST00330,South,6051.88,92,No
CUST00331,South,173531.76,8,Yes
CUST00332,East,45172.46,88,Yes
CUST00333,East,101596.07,72,Yes
CUST00334,South,160183.3,67,No
CUST00335,South,111787.6,8,Yes
CUST00336,East,49391.27,78,Yes
CUST00337,South,161563.18,16,Yes
CUST00338,South,133948.94,85,Yes
CUST00339,South,65474.02,82,Yes
CUST00340,East,18016.2,23,No
CUST00341,West,25432.6,19,Yes
CUST00342,North,84863.49,2,No
CUST00343,West,125327.49,11,Yes
CUST00344,South,76558.79,87,Yes
CUST00345,South,166300.25,37,Yes
CUST00346,South,110857.39,98,No
CUST00347,East,44682.59,86,No
CUST00348,West,23733.35,30,Yes
CUST00349,North,179015.89,96,Yes
CUST00350,East,5471.39,14,No
CUST00351,East,140070.32,25,Yes
CUST00352,North,28731.86,4,Yes
CUST00353,West,180213.89,98,Yes
CUST00354,East,4659.74,18,Yes
CUST00355,West,163195.83,41,Yes
CUST00356,North,111281.42,25,Yes
CUST00357,South,144320.31,86,Yes
CUST00358,East,180103.71,6,No
CUST00359,North,50895.4,53,Yes
CUST00360,East,182967.98,26,Yes
CUST00361,South,154411.36,46,Yes
CUST00362,East,34090.39,65,Yes
CUST00363,South,121027.27,26,Yes
CUST00364,South,167578.72,11,Yes
CUST00365,South,144090.14,39,Yes
CUST00366,West,189912.05,55,No
CUST00367,South,187429.12,69,Yes
CUST00368,East,54712.33,20,Yes
CUST00369,North,168464.4,81,Yes
CUST00370,South,119771.73,98,Yes
CUST00371,South,95373.22,73,Yes
CUST00372,West,145909.56,89,No
CUST00373,West,120058.93,25,Yes
CUST00374,North,164001.36,44,No
CUST00375,North,2045.51,12,Yes
CUST00376,South,19224.83,49,Yes
CUST00377,North,190097.23,55,Yes
CUST00378,South,18254.34,80,No
CUST00379,North,146712.75,21,No
CUST00380,South,145096.56,80,No
CUST00381,North,50683.93,89,Yes
CUST00382,West,138941.87,26,Yes
CUST00383,East,141409.46,71,No
CUST00384,West,111605.51,86,No
CUST00385,North,7755.25,7,Yes
CUST00386,South,184954.84,59,No
CUST00387,West,95368.63,94,Yes
CUST00388,West,91573.59,59,No
CUST00389,East,8364.52,31,Yes
CUST00390,North,112574.76,45,Yes
CUST00391,West,139561.47,40,Yes
CUST00392,East,81492.6,39,Yes
CUST00393,South,108358.77,93,No
CUST00394,North,147833.3,33,No
CUST00395,South,123556.77,66,Yes
CUST00396,East,174149.68,30,Yes
CUST00397,East,37909.11,18,No
CUST00398,West,159957.86,39,Yes
CUST00399,North,11484.08,93,Yes
CUST00400,West,96476.48,16,No
CUST00401,South,196832.61,10,Yes
CUST00402,North,67937.72,84,No
CUST00403,South,48516.65,3,Yes
CUST00404,South,60103.57,68,No
CUST00405,East,118232.6,48,Yes
CUST00406,East,197556.76,73,Yes
CUST00407,East,78934.4,68,Yes
CUST00408,West,190042.28,61,Yes
CUST00409,North,118122.29,39,No
CUST00410,South,189001.67,11,No
CUST00411,West,197847.8,71,No
CUST00412,East,47102.67,20,No
CUST00413,East,46883.27,74,Yes
CUST00414,South,77434.03,41,Yes
CUST00415,West,156137.31,6,No
CUST00416,West,126325.81,87,No
CUST00417,South,185622.7,61,Yes
CUST00418,West,103534.34,82,No
CUST00419,North,31625.29,32,Yes
CUST00420,South,124964.54,89,Yes
CUST00421,West,116437.16,98,Yes
CUST00422,West,78842.78,92,Yes
CUST00423,West,9830.96,98,No
CUST00424,North,162093.7,40,No
CUST00425,East,147307.32,98,Yes
CUST00426,North,75165.01,72,No
CUST00427,West,10707.93,18,Yes
CUST00428,West,44816.46,77,No
CUST00429,West,198303.59,40,No
CUST00430,North,103699.73,58,Yes
CUST00431,South,132760.29,40,Yes
CUST00432,North,54138.63,6,Yes
CUST00433,South,173764.0,92,No
CUST00434,East,173591.55,41,Yes
CUST00435,South,48499.32,53,No
CUST00436,West,124103.66,38,Yes
CUST00437,East,176445.79,45,No
CUST00438,North,6820.21,23,Yes
CUST00439,North,164169.44,53,No
CUST00440,East,32991.22,2,No
CUST00441,North,101986.08,39,Yes
CUST00442,North,17735.55,27,No
CUST00443,East,126730.89,95,Yes
CUST00444,East,2805.41,35,Yes
CUST00445,South,57385.25,71,Yes
CUST00446,West,192635.41,63,Yes
CUST00447,West,36719.97,37,Yes
CUST00448,West,187508.47,96,No
CUST00449,South,189512.28,64,No
CUST00450,East,14402.77,10,Yes
CUST00451,North,12526.17,82,No
CUST00452,North,194724.3,29,Yes
CUST00453,South,129867.16,52,No
CUST00454,East,5892.8,11,No
CUST00455,West,74994.87,32,No
CUST00456,North,136975.78,26,Yes
CUST00457,West,94239.34,4,Yes
CUST00458,West,90826.02,39,Yes
CUST00459,East,165358.23,75,Yes
CUST00460,East,17393.83,78,Yes
CUST00461,South,27135.69,67,No
CUST00462,South,31060.52,92,No
CUST00463,South,181995.38,59,No
CUST00464,North,152258.72,69,No
CUST00465,West,82457.47,38,Yes
CUST00466,North,43407.84,64,No
CUST00467,South,143269.88,18,No
CUST00468,North,95168.77,72,Yes
CUST00469,East,41536.55,93,No
CUST00470,South,154413.45,46,Yes
CUST00471,North,4554.52,93,Yes
CUST00472,West,7472.71,60,No
CUST00473,East,37906.32,15,Yes
CUST00474,South,24344.33,17,Yes
CUST00475,East,50260.45,9,Yes
CUST00476,North,98827.31,63,No
CUST00477,West,65859.17,2,No
CUST00478,North,62762.03,77,Yes
CUST00479,West,93455.12,94,Yes
CUST00480,East,96507.83,95,No
CUST00481,North,131739.79,89,No
CUST00482,South,156190.35,8,No
CUST00483,North,150083.17,41,Yes
CUST00484,North,197345.86,32,Yes
CUST00485,North,96988.92,92,No
CUST00486,East,112370.09,32,No
CUST00487,West,15410.84,97,Yes
CUST00488,North,70774.76,33,No
CUST00489,North,72202.47,66,No
CUST00490,East,40970.96,15,Yes
CUST00491,North,34329.03,49,No
CUST00492,West,25719.77,6,Yes
CUST00493,North,123704.31,95,Yes
CUST00494,North,142103.04,8,No
CUST00495,East,125435.63,84,Yes
CUST00496,East,163150.2,7,No
CUST00497,East,111047.29,6,No
CUST00498,East,91011.34,3,Yes
CUST00499,East,33635.9,14,Yes
CUST00500,East,13010.06,87,No
CUST00501,East,96376.51,19,No
CUST00502,East,68042.26,8,No
CUST00503,South,87297.41,32,Yes
CUST00504,West,111517.35,18,No
CUST00505,East,67130.61,56,No
CUST00506,South,130414.81,74,Yes
CUST00507,West,44891.66,54,Yes
CUST00508,North,52278.89,76,Yes
CUST00509,South,192195.33,58,No
CUST00510,East,85673.17,4,No
CUST00511,North,153777.05,60,Yes
CUST00512,East,173539.27,96,Yes
CUST00513,East,6849.49,98,Yes
CUST00514,South,174811.22,34,No
CUST00515,South,131346.86,58,No
CUST00516,South,42921.78,18,Yes
CUST00517,East,146889.49,99,No
CUST00518,East,81656.73,94,Yes
CUST00519,North,48271.12,78,Yes
CUST00520,East,83193.2,38,Yes
CUST00521,East,50198.98,60,Yes
CUST00522,South,118990.76,89,No
CUST00523,North,19957.04,17,Yes
CUST00524,East,193913.05,66,No
CUST00525,South,2797.05,65,No
CUST00526,West,27043.86,45,Yes
CUST00527,West,47700.13,10,Yes
CUST00528,East,34781.82,74,Yes
CUST00529,East,134208.69,1,Yes
CUST00530,South,117988.99,76,No
CUST00531,South,34241.34,84,Yes
CUST00532,East,121502.09,47,No
CUST00533,East,95451.54,44,Yes
CUST00534,North,172979.02,6,Yes
CUST00535,East,23272.0,78,Yes
CUST00536,South,106702.74,20,Yes
CUST00537,North,128360.59,35,Yes
CUST00538,West,186841.13,69,Yes
CUST00539,West,117349.47,12,Yes
CUST00540,South,197339.39,88,No
CUST00541,East,4458.58,89,Yes
CUST00542,North,173715.74,95,Yes
CUST00543,North,104824.28,23,No
CUST00544,North,28790.6,45,Yes
CUST00545,South,188024.14,8,No
CUST00546,West,19686.24,8,Yes
CUST00547,West,47677.7,86,Yes
CUST00548,North,132664.84,90,Yes
CUST00549,North,4485.68,82,Yes
CUST00550,East,173912.09,76,Yes
CUST00551,South,159306.56,68,No
CUST00552,East,43919.36,80,No
CUST00553,West,133727.33,90,Yes
CUST00554,East,32698.2,64,Yes
CUST00555,South,195457.66,41,No
CUST00556,North,150733.12,77,Yes
CUST00557,South,22712.82,98,Yes
CUST00558,South,66079.6,19,No
CUST00559,South,152694.74,23,Yes
CUST00560,East,163749.01,88,Yes
CUST00561,South,130165.86,85,Yes
CUST00562,South,73925.85,71,Yes
CUST00563,West,76703.52,93,Yes
CUST00564,South,48271.28,35,Yes
CUST00565,West,15565.99,99,Yes
CUST00566,West,128872.62,66,Yes
CUST00567,North,76577.37,26,No
CUST00568,West,169586.3,28,Yes
CUST00569,East,68908.32,12,Yes
CUST00570,East,105798.14,79,Yes
CUST00571,East,121973.11,48,Yes
CUST00572,East,149628.27,43,Yes
CUST00573,East,39959.82,80,Yes
CUST00574,West,179708.08,25,No
CUST00575,North,76634.83,68,No
CUST00576,East,70972.91,34,Yes
CUST00577,South,123853.0,52,No
CUST00578,South,185991.57,28,Yes
CUST00579,East,62950.23,36,No
CUST00580,West,80581.14,77,Yes
CUST00581,South,25255.33,75,Yes
CUST00582,North,172023.74,39,Yes
CUST00583,South,142100.21,56,No
CUST00584,North,37860.46,56,No
CUST00585,North,97225.58,7,No
CUST00586,North,75328.43,45,Yes
CUST00587,North,190329.27,22,No
CUST00588,South,176957.09,9,No
CUST00589,North,129674.58,88,Yes
CUST00590,West,168132.4,72,No
CUST00591,East,111770.77,91,No
CUST00592,East,55686.4,19,No
CUST00593,South,134613.51,89,Yes
CUST00594,East,125148.01,97,Yes
CUST00595,West,31443.78,49,No
CUST00596,South,172696.62,21,Yes
CUST00597,South,5704.08,15,Yes
CUST00598,North,42031.05,11,Yes
CUST00599,West,78790.29,57,Yes
CUST00600,North,197569.32,35,Yes
CUST00601,North,135492.41,42,Yes
CUST00602,South,143801.96,75,No
CUST00603,East,26550.46,19,Yes
CUST00604,North,68108.2,32,Yes
CUST00605,West,16804.45,97,Yes
CUST00606,South,80836.39,97,Yes
CUST00607,West,71644.26,68,Yes
CUST00608,North,166540.76,60,No
CUST00609,North,47508.7,21,Yes
CUST00610,North,118969.59,67,Yes
CUST00611,North,65542.42,3,Yes
CUST00612,North,11415.44,44,No
CUST00613,North,111998.9,98,Yes
CUST00614,North,67380.34,22,Yes
CUST00615,West,191567.43,77,Yes
CUST00616,West,151212.73,55,Yes
CUST00617,North,20238.61,55,No
CUST00618,South,70166.73,12,No
CUST00619,South,95502.42,30,Yes
CUST00620,South,80463.87,5,No
CUST00621,West,153951.36,65,No
CUST00622,North,104670.64,70,Yes
CUST00623,East,157792.5,32,Yes
CUST00624,East,165387.46,38,Yes
CUST00625,East,13558.7,36,Yes
CUST00626,East,53359.4,66,Yes
CUST00627,West,69918.03,73,Yes
CUST00628,East,165231.94,62,Yes
CUST00629,West,120518.27,55,Yes
CUST00630,West,157468.92,15,No
CUST00631,South,170433.57,12,No
CUST00632,West,24156.91,82,Yes
CUST00633,East,135186.46,30,No
CUST00634,South,29114.33,7,Yes
CUST00635,West,17102.94,21,Yes
CUST00636,West,31604.44,35,Yes
CUST00637,South,195146.43,10,No
CUST00638,East,27372.41,54,Yes
CUST00639,West,121667.82,65,Yes
CUST00640,South,153197.15,52,Yes
CUST00641,East,80333.94,25,No
CUST00642,West,25230.62,21,Yes
CUST00643,East,27898.09,68,Yes
CUST00644,East,155568.0,96,Yes
CUST00645,South,187353.39,20,Yes
CUST00646,North,22027.27,6,Yes
CUST00647,North,4519.87,2,No
CUST00648,East,31252.95,5,No
CUST00649,East,92500.28,2,Yes
CUST00650,East,151096.46,31,No
CUST00651,West,196752.11,83,Yes
CUST00652,South,15851.33,28,Yes
CUST00653,East,21108.12,80,No
CUST00654,East,123992.28,4,No
CUST00655,South,162980.08,52,Yes
CUST00656,North,131489.01,38,Yes
CUST00657,East,27011.36,63,Yes
CUST00658,West,39729.88,7,Yes
CUST00659,North,96845.33,71,No
CUST00660,North,154091.67,55,Yes
CUST00661,West,96787.49,79,Yes
CUST00662,East,136513.99,39,Yes
CUST00663,North,65376.58,90,Yes
CUST00664,South,195198.88,82,Yes
CUST00665,North,9484.01,81,Yes
CUST00666,North,110043.94,63,Yes
CUST00667,East,53937.84,26,Yes
CUST00668,North,173067.42,82,Yes
CUST00669,South,75801.77,52,No
CUST00670,East,79086.35,42,No
CUST00671,East,191111.6,17,No
CUST00672,West,188623.4,2,Yes
CUST00673,East,51679.45,10,No
CUST00674,North,51358.63,21,No
CUST00675,South,99594.97,8,No
CUST00676,South,127697.27,79,No
CUST00677,South,90673.31,45,Yes
CUST00678,North,147749.32,65,Yes
CUST00679,West,10518.33,72,Yes
CUST00680,North,143548.35,51,Yes
CUST00681,South,3409.59,5,Yes
CUST00682,South,78131.45,31,Yes
CUST00683,South,70590.94,15,No
CUST00684,North,156984.69,51,Yes
CUST00685,East,20580.73,94,No
CUST00686,South,14673.85,10,Yes
CUST00687,South,17352.16,92,No
CUST00688,East,156714.5,25,No
CUST00689,East,133802.73,67,Yes
CUST00690,East,123387.58,78,Yes
CUST00691,West,192005.48,62,No
CUST00692,West,65120.89,36,Yes
CUST00693,North,196014.1,13,Yes
CUST00694,East,149866.56,32,Yes
CUST00695,West,32171.05,10,Yes
CUST00696,East,185688.64,55,Yes
CUST00697,North,75822.59,78,Yes
CUST00698,West,122974.98,22,Yes
CUST00699,North,185735.19,44,Yes
CUST00700,East,177498.06,21,Yes
CUST00701,West,163373.44,39,No
CUST00702,South,183866.38,18,Yes
CUST00703,West,44991.61,8,No
CUST00704,North,112004.83,23,No
CUST00705,North,36308.33,86,No
CUST00706,North,54596.93,92,Yes
CUST00707,North,33798.15,29,No
CUST00708,West,19282.31,50,Yes
CUST00709,South,101664.69,88,Yes
CUST00710,East,83269.87,37,Yes
CUST00711,East,102163.75,63,Yes
CUST00712,South,31162.3,30,No
CUST00713,East,127621.98,8,Yes
CUST00714,North,2856.99,1,No
CUST00715,North,176408.71,4,Yes
CUST00716,West,80897.37,98,Yes
CUST00717,West,111461.9,46,Yes
CUST00718,North,38416.92,41,Yes
CUST00719,North,108200.44,36,Yes
CUST00720,South,152437.16,54,No
CUST00721,South,3195.29,34,No
CUST00722,North,135997.39,16,Yes
CUST00723,East,61815.24,56,Yes
CUST00724,West,25818.1,4,No
CUST00725,West,177352.96,99,Yes
CUST00726,East,132945.36,54,No
CUST00727,South,1640.43,38,Yes
CUST00728,South,37082.54,45,Yes
CUST00729,South,118052.25,4,Yes
CUST00730,West,144957.55,80,Yes
CUST00731,East,140885.74,24,No
CUST00732,West,161192.81,31,Yes
CUST00733,South,65099.49,63,Yes
CUST00734,West,12651.63,76,No
CUST00735,North,141828.51,31,No
CUST00736,West,104539.02,45,Yes
CUST00737,South,66310.36,55,Yes
CUST00738,North,74912.98,92,No
CUST00739,South,199671.15,45,Yes
CUST00740,North,127873.1,20,No
CUST00741,East,24548.9,70,No
CUST00742,West,149696.7,9,No
CUST00743,South,41384.34,61,No
CUST00744,West,33893.53,94,No
CUST00745,West,55341.09,81,No
CUST00746,South,156733.81,19,Yes
CUST00747,North,86501.71,69,No
CUST00748,East,38034.18,49,Yes
CUST00749,South,187533.31,70,Yes
CUST00750,West,10918.56,39,Yes
CUST00751,North,87933.29,57,Yes
CUST00752,North,12398.77,46,Yes
CUST00753,South,27935.46,31,No
CUST00754,West,94940.03,85,Yes
CUST00755,West,12353.89,30,Yes
CUST00756,West,55868.25,55,No
CUST00757,South,50659.69,80,Yes
CUST00758,South,86348.49,89,No
CUST00759,South,14007.87,45,No
CUST00760,South,10253.62,82,No
CUST00761,South,28709.83,68,Yes
CUST00762,South,154599.69,70,No
CUST00763,East,5342.86,75,No
CUST00764,South,112473.47,71,Yes
CUST00765,South,165745.81,14,No
CUST00766,East,196278.12,82,Yes
CUST00767,South,145305.99,37,Yes
CUST00768,East,93322.56,89,No
CUST00769,North,193503.88,61,Yes
CUST00770,North,31098.12,68,Yes
CUST00771,North,18679.21,86,Yes
CUST00772,North,105154.79,61,Yes
CUST00773,West,81391.6,43,Yes
CUST00774,West,141859.18,17,Yes
CUST00775,West,46003.26,98,Yes
CUST00776,East,33989.13,2,No
CUST00777,South,44002.0,74,Yes
CUST00778,South,82941.34,39,Yes
CUST00779,West,13392.35,40,Yes
CUST00780,North,71838.7,99,Yes
CUST00781,East,157469.36,64,Yes
CUST00782,South,174555.0,26,Yes
CUST00783,West,151593.55,86,Yes
CUST00784,East,26124.5,79,No
CUST00785,East,174245.11,27,No
CUST00786,South,112476.27,28,No
CUST00787,West,6406.32,25,Yes
CUST00788,South,69388.98,44,Yes
CUST00789,North,100064.69,6,Yes
CUST00790,South,90887.67,50,Yes
CUST00791,East,88773.36,11,Yes
CUST00792,West,105142.6,24,Yes
CUST00793,West,151738.9,85,Yes
CUST00794,East,128892.26,15,No
CUST00795,South,107072.74,42,Yes
CUST00796,West,112006.22,2,Yes
CUST00797,South,171578.67,3,No
CUST00798,East,34601.99,33,Yes
CUST00799,South,7643.34,8,No
CUST00800,West,131204.22,4,No
CUST00801,South,193583.42,19,No
CUST00802,West,160917.1,46,Yes
CUST00803,West,197694.78,21,No
CUST00804,East,65279.23,28,No
CUST00805,North,86070.45,27,No
CUST00806,North,19513.07,68,No
CUST00807,West,178161.35,5,No
CUST00808,North,68031.26,9,No
CUST00809,North,108617.96,83,No
CUST00810,South,197625.05,66,No
CUST00811,East,92393.77,85,Yes
CUST00812,South,164031.77,76,Yes
CUST00813,East,35578.56,21,Yes
CUST00814,South,18348.71,33,Yes
CUST00815,North,29252.43,41,No
CUST00816,East,39060.82,75,No
CUST00817,North,124564.78,22,No
CUST00818,South,161432.98,94,No
CUST00819,East,127194.29,84,No
CUST00820,North,22162.4,99,No
CUST00821,South,14858.59,39,Yes
CUST00822,North,131401.2,1,No
CUST00823,West,56575.94,63,Yes
CUST00824,South,173410.92,47,Yes
CUST00825,North,43316.23,99,No
CUST00826,South,82252.96,14,No
CUST00827,East,47319.87,9,No
CUST00828,East,133332.0,82,No
CUST00829,East,174971.12,91,Yes
CUST00830,East,23086.9,46,Yes
CUST00831,West,173048.16,72,Yes
CUST00832,South,83139.46,78,Yes
CUST00833,East,4582.02,40,No
CUST00834,West,183697.23,87,Yes
CUST00835,South,141829.98,51,No
CUST00836,West,140163.76,28,Yes
CUST00837,South,192599.26,63,Yes
CUST00838,North,126019.38,19,No
CUST00839,South,23403.5,38,Yes
CUST00840,West,14599.85,81,Yes
CUST00841,North,3468.4,52,Yes
CUST00842,South,120073.14,99,Yes
CUST00843,East,146318.98,41,Yes
CUST00844,South,180676.1,8,No
CUST00845,North,66751.19,86,No
CUST00846,East,37880.71,55,Yes
CUST00847,West,167792.28,48,Yes
CUST00848,South,116978.56,64,No
CUST00849,North,115096.52,21,Yes
CUST00850,North,166443.33,67,Yes
CUST00851,East,147775.58,73,No
CUST00852,East,134170.85,81,Yes
CUST00853,West,191209.07,8,Yes
CUST00854,East,86655.05,76,No
CUST00855,West,93422.21,15,Yes
CUST00856,East,178612.13,93,Yes
CUST00857,South,189673.56,38,Yes
CUST00858,North,140824.12,4,No
CUST00859,East,27206.99,4,Yes
CUST00860,South,98045.75,86,Yes
CUST00861,South,55042.18,91,No
CUST00862,West,101746.95,87,Yes
CUST00863,East,178404.52,82,Yes
CUST00864,West,95026.18,90,No
CUST00865,North,48532.48,65,Yes
CUST00866,East,95121.3,99,Yes
CUST00867,West,122545.23,84,Yes
CUST00868,East,103797.95,49,Yes
CUST00869,South,44594.69,43,No
CUST00870,North,57696.7,39,No
CUST00871,West,114837.68,62,Yes
CUST00872,West,9833.17,9,No
CUST00873,North,57627.9,17,Yes
CUST00874,North,69699.41,39,Yes
CUST00875,East,6903.98,64,No
CUST00876,South,198570.55,77,No
CUST00877,East,33875.58,40,Yes
CUST00878,East,82793.19,72,No
CUST00879,North,52376.48,61,Yes
CUST00880,West,164934.29,92,No
CUST00881,West,1311.46,91,Yes
CUST00882,West,143796.85,47,Yes
CUST00883,North,121155.3,82,Yes
CUST00884,North,133393.13,33,Yes
CUST00885,South,74441.55,19,Yes
CUST00886,North,110367.15,97,Yes
CUST00887,North,64895.14,41,No
CUST00888,South,134045.96,74,Yes
CUST00889,East,119138.5,10,Yes
CUST00890,North,28635.39,73,Yes
CUST00891,North,174866.02,84,Yes
CUST00892,North,148455.27,93,Yes
CUST00893,West,107259.53,40,No
CUST00894,South,139281.59,12,Yes
CUST00895,South,97714.1,45,Yes
CUST00896,North,182116.79,62,Yes
CUST00897,North,69290.3,23,No
CUST00898,South,14409.53,21,No
CUST00899,West,86556.28,99,Yes
CUST00900,North,108964.34,30,Yes
CUST00901,West,159877.69,67,Yes
CUST00902,South,116274.0,41,Yes
CUST00903,East,64454.5,48,Yes
CUST00904,East,74640.41,33,Yes
CUST00905,East,102824.6,28,Yes
CUST00906,West,29376.23,56,No
CUST00907,North,189382.24,19,Yes
CUST00908,East,129518.65,92,Yes
CUST00909,East,77789.03,91,Yes
CUST00910,North,62932.28,38,No
CUST00911,West,106685.98,48,Yes
CUST00912,East,197619.16,65,Yes
CUST00913,East,34304.59,50,Yes
CUST00914,North,6479.81,59,Yes
CUST00915,East,28022.02,26,Yes
CUST00916,East,7160.2,64,Yes
CUST00917,East,79691.42,6,No
CUST00918,West,92246.08,30,Yes
CUST00919,East,167260.57,37,No
CUST00920,South,63479.38,87,Yes
CUST00921,West,198976.74,73,No
CUST00922,West,58392.68,47,Yes
CUST00923,East,7156.59,96,Yes
CUST00924,North,108740.11,37,Yes
CUST00925,North,106919.25,86,Yes
CUST00926,South,167871.29,3,Yes
CUST00927,North,52607.64,51,Yes
CUST00928,North,101981.83,21,No
CUST00929,East,111984.06,1,Yes
CUST00930,North,28700.14,99,Yes
CUST00931,North,163534.63,51,No
CUST00932,West,147181.01,82,Yes
CUST00933,West,114306.09,19,Yes
CUST00934,East,79632.41,28,No
CUST00935,North,142466.06,19,Yes
CUST00936,North,119009.89,98,No
CUST00937,North,107143.94,12,Yes
CUST00938,West,149426.15,92,Yes
CUST00939,East,136470.42,41,No
CUST00940,East,188864.38,17,No
CUST00941,East,103067.58,52,No
CUST00942,East,118157.57,75,Yes
CUST00943,West,152597.84,15,Yes
CUST00944,West,183828.21,81,No
CUST00945,East,196167.13,82,Yes
CUST00946,East,120821.28,4,No
CUST00947,West,95820.19,73,Yes
CUST00948,South,1630.4,81,No
CUST00949,East,178724.95,19,Yes
CUST00950,East,51953.47,69,Yes
CUST00951,South,125691.91,31,No
CUST00952,South,152756.68,22,No
CUST00953,West,144818.68,54,Yes
CUST00954,North,126876.28,21,Yes
CUST00955,North,161083.0,24,No
CUST00956,South,106187.04,94,Yes
CUST00957,West,199566.35,8,No
CUST00958,West,18872.62,30,Yes
CUST00959,North,147836.03,25,Yes
CUST00960,South,14736.88,13,No
CUST00961,North,154015.63,73,No
CUST00962,East,169338.37,66,Yes
CUST00963,East,80420.94,34,Yes
CUST00964,South,82101.06,30,Yes
CUST00965,West,61921.33,72,Yes
CUST00966,West,161838.81,45,No
CUST00967,West,2211.66,83,Yes
CUST00968,East,60613.57,40,Yes
CUST00969,East,168572.81,16,Yes
CUST00970,North,29894.11,90,Yes
CUST00971,South,59762.81,34,Yes
CUST00972,East,160893.07,78,Yes
CUST00973,South,53967.43,93,Yes
CUST00974,North,168603.92,17,Yes
CUST00975,North,195817.24,21,Yes
CUST00976,West,83808.16,25,Yes
CUST00977,East,177843.16,23,No
CUST00978,South,91335.42,72,Yes
CUST00979,South,127781.08,14,Yes
CUST00980,West,47696.03,53,No
CUST00981,South,110947.69,63,Yes
CUST00982,East,183441.55,8,Yes
CUST00983,East,99842.39,78,No
CUST00984,West,164931.84,75,Yes
CUST00985,East,81086.88,57,Yes
CUST00986,North,102714.7,26,No
CUST00987,North,119103.67,81,Yes
CUST00988,West,168028.36,41,Yes
CUST00989,East,188149.25,64,Yes
CUST00990,West,21276.59,65,Yes
CUST00991,North,113431.89,34,Yes
CUST00992,East,157997.56,15,No
CUST00993,North,85054.52,70,Yes
CUST00994,East,192851.6,37,Yes
CUST00995,East,9416.06,29,Yes
CUST00996,North,126909.66,55,Yes
CUST00997,East,34223.66,21,No
CUST00998,South,37378.64,24,No
CUST00999,North,190203.77,47,No
CUST01000,East,54524.64,84,No
CUST01001,South,129185.7,42,Yes
CUST01002,West,100215.59,28,No
CUST01003,West,95717.58,18,Yes
CUST01004,East,154385.34,71,No
CUST01005,East,83884.38,13,Yes
CUST01006,North,144211.11,9,No
CUST01007,East,94984.08,56,Yes
CUST01008,East,159451.88,87,Yes
CUST01009,West,59764.99,88,No
CUST01010,West,26019.13,3,Yes
CUST01011,East,129321.69,21,No
CUST01012,East,94162.67,65,No
CUST01013,West,58194.51,99,No
CUST01014,East,164838.58,54,Yes
CUST01015,West,54250.94,53,No
CUST01016,East,49135.89,24,No
CUST01017,East,142167.21,14,Yes
CUST01018,West,99080.05,17,No
CUST01019,South,54068.36,29,Yes
CUST01020,East,192736.35,60,Yes
CUST01021,West,152699.5,28,Yes
CUST01022,East,44741.26,92,No
CUST01023,South,25984.49,53,Yes
CUST01024,South,77133.48,34,Yes
CUST01025,East,87666.02,96,Yes
CUST01026,East,154855.23,58,Yes
CUST01027,North,128730.13,12,Yes
CUST01028,East,60660.3,77,No
CUST01029,East,169565.1,73,Yes
CUST01030,East,166122.86,87,No
CUST01031,South,92141.16,86,Yes
CUST01032,East,179991.59,29,Yes
CUST01033,North,50074.12,28,Yes
CUST01034,North,12883.58,44,Yes
CUST01035,South,191600.17,9,Yes
CUST01036,East,106616.73,84,Yes
CUST01037,West,192590.9,28,No
CUST01038,East,41791.26,90,Yes
CUST01039,South,29019.79,26,No
CUST01040,East,63714.26,83,Yes
CUST01041,East,162413.63,68,Yes
CUST01042,South,135151.93,65,Yes
CUST01043,North,183579.68,88,No
CUST01044,South,108223.79,31,No
CUST01045,South,13378.44,5,Yes
CUST01046,East,46819.93,54,Yes
CUST01047,West,61081.42,98,Yes
CUST01048,West,100620.11,21,No
CUST01049,South,124560.81,62,No
CUST01050,East,92473.31,74,Yes
CUST01051,West,92260.99,3,Yes
CUST01052,East,89662.79,44,No
CUST01053,North,135195.45,81,No
CUST01054,West,158835.43,11,Yes
CUST01055,North,132163.64,41,Yes
CUST01056,North,190334.53,48,Yes
CUST01057,North,190650.98,62,Yes
CUST01058,South,52648.81,89,No
CUST01059,East,36043.0,82,No
CUST01060,West,38831.42,29,No
CUST01061,North,188796.62,43,Yes
CUST01062,South,195484.27,8,Yes
CUST01063,East,95903.12,96,Yes
CUST01064,North,47175.93,43,No
CUST01065,East,33377.25,88,No
CUST01066,North,171186.19,44,Yes
CUST01067,East,2798.66,92,No
CUST01068,East,46506.68,43,Yes
CUST01069,South,161807.78,66,Yes
CUST01070,South,161846.81,22,Yes
CUST01071,South,6804.78,67,No
CUST01072,East,1088.11,9,Yes
CUST01073,West,198027.19,34,No
CUST01074,West,9937.35,93,Yes
CUST01075,North,127453.29,20,No
CUST01076,East,183766.86,91,Yes
CUST01077,North,124785.87,45,Yes
CUST01078,East,113250.73,91,Yes
CUST01079,North,169607.06,1,Yes
CUST01080,North,183729.58,87,Yes
CUST01081,North,44949.7,5,Yes
CUST01082,North,35869.13,98,No
CUST01083,South,45753.15,68,Yes
CUST01084,East,87886.22,51,Yes
CUST01085,North,65941.35,19,Yes
CUST01086,West,86590.47,71,No
CUST01087,North,80787.41,78,No
CUST01088,South,95790.81,15,Yes
CUST01089,East,41687.72,8,Yes
CUST01090,East,66981.38,46,Yes
CUST01091,South,15160.5,68,Yes
CUST01092,South,176019.82,1,Yes
CUST01093,North,162364.84,40,Yes
CUST01094,East,145623.1,93,No
CUST01095,South,131275.49,67,Yes
CUST01096,South,93195.44,53,Yes
CUST01097,South,85620.41,69,Yes
CUST01098,North,109793.4,41,Yes
CUST01099,West,83896.6,54,Yes
CUST01100,North,144902.53,40,Yes
CUST01101,North,61535.55,61,Yes
CUST01102,North,176664.14,86,No
CUST01103,North,193402.25,38,No
CUST01104,North,128486.48,41,No
CUST01105,West,85103.21,50,No
CUST01106,South,163787.32,27,Yes
CUST01107,West,25945.94,47,No
CUST01108,South,196986.82,22,Yes
CUST01109,South,118536.93,16,Yes
CUST01110,South,109354.89,74,Yes
CUST01111,North,54534.91,9,Yes
CUST01112,East,126058.38,86,Yes
CUST01113,North,120709.22,52,Yes
CUST01114,North,26858.33,65,No
CUST01115,North,35245.76,81,No
CUST01116,North,165673.76,15,No
CUST01117,South,92881.51,1,Yes
CUST01118,East,25899.93,57,Yes
CUST01119,West,161607.11,93,Yes
CUST01120,South,43465.28,84,No
CUST01121,East,171450.91,63,No
CUST01122,South,134540.0,55,Yes
CUST01123,West,63084.82,90,Yes
CUST01124,North,157454.92,68,Yes
CUST01125,South,6013.49,35,Yes
CUST01126,North,141036.26,14,No
CUST01127,North,20405.35,88,No
CUST01128,East,163608.5,97,No
CUST01129,East,11282.08,65,Yes
CUST01130,West,96970.61,13,No
CUST01131,East,143167.74,19,Yes
CUST01132,North,27211.29,74,No
CUST01133,North,135753.33,44,Yes
CUST01134,West,174411.39,57,No
CUST01135,South,50843.11,56,No
CUST01136,South,170285.37,83,Yes
CUST01137,South,50254.5,72,Yes
CUST01138,East,110222.87,53,Yes
CUST01139,North,71238.74,17,No
CUST01140,East,86677.5,28,Yes
CUST01141,North,14602.29,59,Yes
CUST01142,West,17699.99,19,No
CUST01143,East,15350.11,94,Yes
CUST01144,East,188945.27,13,No
CUST01145,West,146963.86,87,Yes
CUST01146,North,84248.44,54,Yes
CUST01147,South,198081.99,24,Yes
CUST01148,North,86971.77,57,Yes
CUST01149,East,90573.19,74,Yes
CUST01150,North,194164.63,69,No
CUST01151,East,111543.59,82,No
CUST01152,South,85123.0,91,Yes
CUST01153,North,15734.4,3,Yes
CUST01154,East,97124.9,80,Yes
CUST01155,West,110371.65,38,No
CUST01156,South,121123.8,39,Yes
CUST01157,North,185178.92,20,Yes
CUST01158,West,19321.33,19,Yes
CUST01159,East,130052.46,30,Yes
CUST01160,South,141054.67,6,Yes
CUST01161,North,135529.23,97,No
CUST01162,South,117127.84,59,Yes
CUST01163,West,119935.99,29,Yes
CUST01164,East,24296.14,89,Yes
CUST01165,North,189002.52,22,No
CUST01166,South,2329.74,22,Yes
CUST01167,South,75337.41,28,Yes
CUST01168,East,77737.09,7,Yes
CUST01169,North,90600.59,1,Yes
CUST01170,West,145419.46,46,Yes
CUST01171,East,134819.64,48,No
CUST01172,West,100110.04,27,Yes
CUST01173,North,19432.47,85,No
CUST01174,West,87370.17,15,No
CUST01175,East,103032.55,27,Yes
CUST01176,West,118301.34,17,Yes
CUST01177,North,134464.43,50,No
CUST01178,South,19186.91,23,Yes
CUST01179,South,182392.74,63,Yes
CUST01180,South,4146.83,43,Yes
CUST01181,North,13442.73,61,Yes
CUST01182,West,43853.53,33,No
CUST01183,East,17148.69,48,Yes
CUST01184,East,177107.9,19,Yes
CUST01185,South,57377.65,46,Yes
CUST01186,West,103208.6,91,Yes
CUST01187,South,14623.29,81,No
CUST01188,East,117305.33,89,Yes
CUST01189,North,173173.48,97,No
CUST01190,East,133626.15,56,No
CUST01191,West,82856.55,58,Yes
CUST01192,North,141386.71,40,Yes
CUST01193,South,130215.14,37,No
CUST01194,East,84458.53,63,Yes
CUST01195,West,89339.97,57,Yes
CUST01196,South,118456.3,7,Yes
CUST01197,South,98728.05,68,Yes
CUST01198,North,56926.58,3,Yes
CUST01199,East,131379.57,1,No
CUST01200,North,23264.24,29,Yes
CUST01201,North,37943.69,21,No
CUST01202,West,144392.54,47,No
CUST01203,South,22975.94,69,Yes
CUST01204,South,184987.65,27,Yes
CUST01205,South,107575.21,21,No
CUST01206,West,16250.53,88,No
CUST01207,West,62251.37,32,No
CUST01208,West,157485.19,49,Yes
CUST01209,West,188283.04,97,Yes
CUST01210,West,180808.13,6,Yes
CUST01211,North,101123.36,22,Yes
CUST01212,West,159102.64,87,No
CUST01213,North,171894.09,67,Yes
CUST01214,West,3636.96,73,Yes
CUST01215,South,135055.44,13,No
CUST01216,North,77575.92,23,Yes
CUST01217,North,148384.6,85,No
CUST01218,South,146747.81,18,Yes
CUST01219,South,108732.55,30,Yes
CUST01220,East,33983.89,42,No
CUST01221,South,25177.58,36,Yes
CUST01222,East,43166.97,11,Yes
CUST01223,West,12488.7,19,Yes
CUST01224,East,150128.7,24,Yes
CUST01225,North,111818.81,47,No
CUST01226,West,174422.22,67,No
CUST01227,East,140727.07,65,Yes
CUST01228,South,66182.88,13,No
CUST01229,West,126652.37,48,No
CUST01230,North,139628.83,64,No
CUST01231,West,88380.02,88,No
CUST01232,East,42044.17,69,No
CUST01233,South,136100.65,58,Yes
CUST01234,East,84435.06,62,No
CUST01235,East,14740.14,3,Yes
CUST01236,East,126056.86,32,No
CUST01237,West,176431.13,54,No
CUST01238,East,107595.66,65,Yes
CUST01239,East,174959.97,41,Yes
CUST01240,East,67392.05,71,Yes
CUST01241,South,37505.0,66,Yes
CUST01242,North,97384.54,11,Yes
CUST01243,North,78177.39,18,No
CUST01244,North,41491.08,96,Yes
CUST01245,East,96372.76,57,No
CUST01246,North,169737.65,57,No
CUST01247,North,90645.24,77,No
CUST01248,East,87260.97,64,No
CUST01249,West,9524.67,67,Yes
CUST01250,West,70753.59,64,Yes
CUST01251,North,141620.22,4,Yes
CUST01252,South,144824.81,95,No
CUST01253,West,2664.37,2,No
CUST01254,East,97313.88,92,Yes
CUST01255,West,19978.95,79,Yes
CUST01256,South,116622.0,73,Yes
CUST01257,West,156610.04,45,Yes
CUST01258,West,135817.21,81,Yes
CUST01259,North,42241.22,44,No
CUST01260,West,34806.32,9,Yes
CUST01261,South,78760.28,58,No
CUST01262,South,151984.35,3,Yes
CUST01263,East,155086.23,86,No
CUST01264,South,62074.0,61,No
CUST01265,West,54917.6,8,Yes
CUST01266,East,37889.18,59,No
CUST01267,West,173859.29,10,Yes
CUST01268,South,38396.16,81,Yes
CUST01269,North,27596.47,90,Yes
CUST01270,South,191741.07,62,No
CUST01271,East,53548.33,38,No
CUST01272,South,45783.33,94,Yes
CUST01273,West,38994.39,13,No
CUST01274,South,164929.71,74,No
CUST01275,East,163173.01,4,Yes
CUST01276,East,196677.83,88,Yes
CUST01277,South,140090.82,76,Yes
CUST01278,South,44228.95,37,Yes
CUST01279,West,7701.6,21,No
CUST01280,South,165041.05,60,Yes
CUST01281,East,133702.63,6,Yes
CUST01282,West,41011.97,29,Yes
CUST01283,West,133687.61,18,No
CUST01284,West,50552.74,54,No
CUST01285,East,193485.45,27,No
CUST01286,East,66001.21,31,No
CUST01287,North,135177.51,67,No
CUST01288,East,49057.8,15,Yes
CUST01289,South,64302.78,35,Yes
CUST01290,North,72724.94,54,Yes
CUST01291,West,63242.82,48,Yes
CUST01292,East,4132.84,31,No
CUST01293,North,125124.87,96,Yes
CUST01294,South,27396.27,58,Yes
CUST01295,East,125298.2,85,Yes
CUST01296,East,78728.13,68,No
CUST01297,South,151589.3,43,No
CUST01298,South,28548.66,25,Yes
CUST01299,South,119773.52,24,Yes
CUST01300,North,74925.7,28,Yes
CUST01301,East,43115.54,51,Yes
CUST01302,North,99335.39,42,No
CUST01303,East,119038.49,75,No
CUST01304,North,166733.55,27,No
CUST01305,North,75251.4,87,No
CUST01306,North,126697.06,87,No
CUST01307,South,139730.03,54,Yes
CUST01308,West,32085.11,64,No
CUST01309,East,83351.67,76,Yes
CUST01310,West,116365.51,81,No
CUST01311,West,34775.96,20,No
CUST01312,East,5968.28,59,No
CUST01313,East,167792.84,20,No
CUST01314,East,107651.08,56,No
CUST01315,North,176441.51,66,Yes
CUST01316,West,56125.49,36,Yes
CUST01317,West,148372.38,40,Yes
CUST01318,North,140825.4,29,Yes
CUST01319,South,17828.51,84,No
CUST01320,North,176700.05,62,Yes
CUST01321,North,100813.56,59,No
CUST01322,South,40134.06,53,No
CUST01323,East,177032.08,73,No
CUST01324,East,6975.18,81,Yes
CUST01325,South,194703.14,8,No
CUST01326,West,155406.4,20,Yes
CUST01327,South,87643.34,12,No
CUST01328,East,170656.94,94,Yes
CUST01329,East,110823.55,98,Yes
CUST01330,North,42947.83,34,Yes
CUST01331,West,11989.28,88,Yes
CUST01332,South,34330.73,84,No
CUST01333,West,152099.21,40,Yes
CUST01334,South,2732.52,23,No
CUST01335,North,65924.53,8,Yes
CUST01336,East,5083.64,10,Yes
CUST01337,South,71708.63,13,Yes
CUST01338,North,42890.88,86,No
CUST01339,South,155583.86,38,No
CUST01340,South,31830.14,87,Yes
CUST01341,West,166033.53,11,Yes
CUST01342,South,160957.17,69,Yes
CUST01343,North,156330.65,24,Yes
CUST01344,East,55454.44,62,No
CUST01345,South,88907.55,95,Yes
CUST01346,South,164653.86,53,Yes
CUST01347,South,92227.85,13,Yes
CUST01348,West,109900.27,76,No
CUST01349,East,172578.39,15,Yes
CUST01350,North,26144.94,13,No
CUST01351,East,178014.34,20,Yes
CUST01352,East,105029.27,77,No
CUST01353,South,99021.25,44,No
CUST01354,East,131958.43,99,No
CUST01355,East,25523.28,39,Yes
CUST01356,South,152726.94,62,No
CUST01357,East,178086.86,6,Yes
CUST01358,North,116283.58,90,No
CUST01359,West,81152.39,39,No
CUST01360,South,148578.92,59,Yes
CUST01361,East,114604.61,92,Yes
CUST01362,West,170997.9,3,Yes
CUST01363,South,165316.48,22,Yes
CUST01364,South,115746.19,72,Yes
CUST01365,East,157342.98,32,No
CUST01366,East,74110.76,59,Yes
CUST01367,West,146163.29,93,No
CUST01368,West,35849.5,89,Yes
CUST01369,West,51276.56,85,No
CUST01370,East,50684.12,22,No
CUST01371,West,125072.09,42,No
CUST01372,South,125838.46,77,Yes
CUST01373,South,53808.65,1,Yes
CUST01374,East,19661.53,58,Yes
CUST01375,South,189752.09,23,Yes
CUST01376,North,42300.65,90,No
CUST01377,North,118399.63,28,No
CUST01378,East,31743.95,2,No
CUST01379,East,103071.51,30,No
CUST01380,North,154120.33,93,No
CUST01381,East,95661.88,43,Yes
CUST01382,South,41685.23,55,Yes
CUST01383,West,46121.5,15,No
CUST01384,West,102460.95,95,Yes
CUST01385,West,125638.15,30,Yes
CUST01386,West,88197.54,54,No
CUST01387,West,159405.47,75,Yes
CUST01388,East,48258.23,15,Yes
CUST01389,East,154902.83,57,Yes
CUST01390,North,184551.13,12,Yes
CUST01391,East,160487.71,62,Yes
CUST01392,North,114124.51,95,No
CUST01393,North,48149.73,93,No
CUST01394,North,167178.12,56,Yes
CUST01395,East,14166.87,37,No
CUST01396,West,86791.37,72,No
CUST01397,South,47650.69,11,Yes
CUST01398,West,67108.91,66,No
CUST01399,North,186707.81,28,Yes
CUST01400,West,131023.32,56,Yes
CUST01401,South,169773.74,37,No
CUST01402,West,148074.33,90,No
CUST01403,South,68614.28,13,Yes
CUST01404,West,143493.94,60,No
CUST01405,South,63064.01,99,Yes
CUST01406,North,63319.48,28,Yes
CUST01407,South,69333.95,40,Yes
CUST01408,East,196984.3,88,Yes
CUST01409,East,185797.48,27,Yes
CUST01410,North,33395.41,76,Yes
CUST01411,West,68943.63,25,No
CUST01412,East,38689.29,24,Yes
CUST01413,North,132720.81,26,Yes
CUST01414,North,55335.08,83,No
CUST01415,South,163664.16,58,No
CUST01416,South,157057.03,35,Yes
CUST01417,North,133041.2,26,No
CUST01418,South,171370.37,50,No
CUST01419,East,181925.88,87,Yes
CUST01420,West,22304.38,89,No
CUST01421,West,188103.94,21,Yes
CUST01422,West,166358.89,86,Yes
CUST01423,North,97677.67,38,No
CUST01424,East,190030.03,52,No
CUST01425,North,126815.39,88,Yes
CUST01426,East,109792.44,47,Yes
CUST01427,West,116702.0,21,No
CUST01428,North,113754.45,23,No
CUST01429,East,82760.56,10,Yes
CUST01430,South,3151.41,75,No
CUST01431,South,21786.45,53,Yes
CUST01432,East,24623.11,93,Yes
CUST01433,North,179243.89,2,No
CUST01434,South,7456.25,30,No
CUST01435,North,45389.35,39,Yes
CUST01436,South,114026.89,63,Yes
CUST01437,North,50002.59,92,No
CUST01438,North,52674.5,95,No
CUST01439,South,48774.08,34,Yes
CUST01440,North,11500.29,76,Yes
CUST01441,West,44433.71,1,Yes
CUST01442,East,115948.72,54,No
CUST01443,West,149290.72,22,Yes
CUST01444,West,70813.0,8,Yes
CUST01445,West,11305.39,90,Yes
CUST01446,East,167083.6,78,No
CUST01447,South,113571.95,14,Yes
CUST01448,West,161872.74,54,No
CUST01449,North,156519.62,31,Yes
CUST01450,North,186578.42,6,No
CUST01451,West,16237.08,23,Yes
CUST01452,East,7499.15,5,Yes
CUST01453,South,50704.66,59,No
CUST01454,West,194259.03,17,No
CUST01455,East,169127.6,7,Yes
CUST01456,South,24155.34,19,No
CUST01457,East,9764.04,35,Yes
CUST01458,North,71578.57,35,Yes
CUST01459,East,166895.16,24,Yes
CUST01460,South,75318.13,50,Yes
CUST01461,East,71624.64,13,Yes
CUST01462,South,108018.8,37,Yes
CUST01463,South,79656.6,68,Yes
CUST01464,North,6801.88,16,Yes
CUST01465,East,84417.39,28,Yes
CUST01466,East,142312.84,3,Yes
CUST01467,South,100983.03,43,Yes
CUST01468,East,63296.98,66,No
CUST01469,North,186926.52,57,Yes
CUST01470,North,19183.45,18,Yes
CUST01471,West,156411.81,39,No
CUST01472,West,165069.83,45,No
CUST01473,East,2603.76,56,No
CUST01474,West,86829.04,4,No
CUST01475,North,100594.99,18,Yes
CUST01476,East,109946.83,73,Yes
CUST01477,East,115035.4,63,Yes
CUST01478,North,2269.43,17,No
CUST01479,South,65544.82,81,No
CUST01480,West,69815.41,86,No
CUST01481,East,88674.13,65,Yes
CUST01482,North,156876.3,11,Yes
CUST01483,North,156257.66,9,Yes
CUST01484,West,132241.69,97,Yes
CUST01485,East,61594.01,73,Yes
CUST01486,South,124927.93,47,Yes
CUST01487,West,99882.21,87,Yes
CUST01488,North,32884.89,25,No
CUST01489,North,145122.28,58,Yes
CUST01490,North,161187.78,25,No
CUST01491,East,120887.44,98,Yes
CUST01492,West,47763.86,85,No
CUST01493,East,194963.43,81,Yes
CUST01494,South,173813.5,76,Yes
CUST01495,East,185456.35,75,Yes
CUST01496,North,2927.69,99,Yes
CUST01497,West,117067.23,6,No
CUST01498,North,63427.6,48,No
CUST01499,East,73458.44,4,No
CUST01500,East,109295.53,59,Yes
CUST01501,South,113648.26,72,No
CUST01502,North,75569.67,46,Yes
CUST01503,East,19546.03,13,No
CUST01504,East,161324.11,81,Yes
CUST01505,East,163643.76,69,Yes
CUST01506,East,39456.63,93,Yes
CUST01507,West,58178.02,23,Yes
CUST01508,South,150741.2,52,Yes
CUST01509,North,88979.3,67,Yes
CUST01510,North,139067.31,52,Yes
CUST01511,North,114827.18,64,Yes
CUST01512,West,182249.73,29,Yes
CUST01513,South,54366.7,36,Yes
CUST01514,East,25987.55,18,Yes
CUST01515,East,7899.87,45,Yes
CUST01516,North,160767.39,43,Yes
CUST01517,South,52705.8,22,Yes
CUST01518,South,63070.47,73,Yes
CUST01519,East,82849.49,70,No
CUST01520,West,158313.58,20,No
CUST01521,North,165045.74,82,Yes
CUST01522,West,131620.79,75,Yes
CUST01523,East,134582.89,93,No
CUST01524,West,6974.25,9,Yes
CUST01525,North,197695.78,19,Yes
CUST01526,West,71009.2,35,Yes
CUST01527,East,173354.21,83,No
CUST01528,West,153833.08,59,Yes
CUST01529,North,86069.8,60,No
CUST01530,North,100641.47,16,Yes
CUST01531,North,186952.17,88,No
CUST01532,South,111681.95,4,Yes
CUST01533,North,105196.51,12,Yes
CUST01534,West,178092.76,92,Yes
CUST01535,North,130766.52,53,No
CUST01536,West,51352.24,24,Yes
CUST01537,South,13140.42,75,No
CUST01538,North,135093.94,67,Yes
CUST01539,West,135620.27,54,Yes
CUST01540,South,136823.96,60,Yes
CUST01541,North,76242.05,28,No
CUST01542,North,46028.21,60,No
CUST01543,East,65440.1,42,Yes
CUST01544,South,130434.62,22,Yes
CUST01545,South,140575.27,27,No
CUST01546,East,68922.41,90,Yes
CUST01547,West,82863.54,73,Yes
CUST01548,East,3722.8,96,No
CUST01549,West,168561.12,39,Yes
CUST01550,North,85853.27,36,Yes
CUST01551,South,59890.47,31,No
CUST01552,North,80178.95,15,No
CUST01553,South,115799.36,24,Yes
CUST01554,North,109792.57,18,Yes
CUST01555,East,160241.06,58,Yes
CUST01556,South,29513.01,36,No
CUST01557,South,145640.93,80,No
CUST01558,East,121490.77,96,No
CUST01559,South,136247.0,18,Yes
CUST01560,East,51473.48,16,Yes
CUST01561,East,132705.08,78,Yes
CUST01562,South,9451.51,12,Yes
CUST01563,North,133346.14,14,Yes
CUST01564,South,26127.96,15,Yes
CUST01565,South,166472.15,44,Yes
CUST01566,North,21583.39,87,No
CUST01567,South,156184.36,79,No
CUST01568,West,3713.17,99,Yes
CUST01569,West,51641.78,54,Yes
CUST01570,North,163239.99,13,No
CUST01571,South,113583.25,73,Yes
CUST01572,East,162639.37,95,Yes
CUST01573,South,121819.92,91,Yes
CUST01574,South,19898.09,84,Yes
CUST01575,North,17126.68,39,No
CUST01576,East,89376.61,29,Yes
CUST01577,East,14096.54,20,Yes
CUST01578,West,162682.29,58,Yes
CUST01579,North,64342.51,66,No
CUST01580,North,136756.15,29,No
CUST01581,North,73569.46,60,Yes
CUST01582,West,116120.01,76,Yes
CUST01583,East,52091.96,39,No
CUST01584,North,100491.84,91,Yes
CUST01585,East,38141.35,60,No
CUST01586,North,62198.43,53,No
CUST01587,South,47275.72,72,Yes
CUST01588,West,192732.51,26,Yes
CUST01589,North,56291.19,9,Yes
CUST01590,West,12348.36,39,No
CUST01591,North,95358.69,55,Yes
CUST01592,North,127917.05,27,No
CUST01593,South,105119.4,19,No
CUST01594,North,51210.07,42,Yes
CUST01595,South,195429.3,72,Yes
CUST01596,West,146314.12,7,Yes
CUST01597,North,93770.14,25,No
CUST01598,South,154319.0,12,Yes
CUST01599,South,182356.5,46,No
CUST01600,South,184897.44,13,No
CUST01601,East,140719.38,57,No
CUST01602,East,125995.79,96,No
CUST01603,South,91382.55,11,Yes
CUST01604,North,110543.88,45,Yes
CUST01605,West,117324.08,57,Yes
CUST01606,North,13345.32,83,Yes
CUST01607,West,34044.45,35,No
CUST01608,North,199552.13,80,Yes
CUST01609,South,188268.6,45,Yes
CUST01610,West,176771.45,51,Yes
CUST01611,South,123181.91,53,Yes
CUST01612,East,129998.46,38,Yes
CUST01613,South,83577.13,7,Yes
CUST01614,East,190958.62,41,Yes
CUST01615,South,53231.65,50,Yes
CUST01616,West,68278.8,1,Yes
CUST01617,South,135448.64,4,No
CUST01618,South,42557.36,90,Yes
CUST01619,South,9350.85,50,No
CUST01620,South,115819.34,24,No
CUST01621,North,108515.5,43,Yes
CUST01622,West,181695.69,18,Yes
CUST01623,South,175875.08,99,Yes
CUST01624,West,87121.53,4,Yes
CUST01625,East,105209.02,46,No
CUST01626,East,117738.16,4,Yes
CUST01627,West,63687.06,66,Yes
CUST01628,North,165901.93,18,Yes
CUST01629,North,39844.24,1,Yes
CUST01630,South,197562.16,90,Yes
CUST01631,North,144691.15,72,No
CUST01632,East,94434.21,18,Yes
CUST01633,East,187251.51,42,Yes
CUST01634,South,162125.33,94,Yes
CUST01635,West,196521.73,21,Yes
CUST01636,North,46111.44,62,Yes
CUST01637,South,122465.12,44,Yes
CUST01638,South,120292.77,43,Yes
CUST01639,North,150673.61,58,Yes
CUST01640,North,10624.18,11,No
CUST01641,North,118012.09,98,No
CUST01642,East,111382.72,44,No
CUST01643,South,93757.14,57,Yes
CUST01644,North,50232.55,95,Yes
CUST01645,North,121412.81,92,Yes
CUST01646,West,96188.76,58,Yes
CUST01647,West,12857.83,87,No
CUST01648,East,57389.45,59,Yes
CUST01649,West,133637.87,15,Yes
CUST01650,West,3455.87,3,Yes
CUST01651,South,41256.5,79,Yes
CUST01652,North,77635.42,38,Yes
CUST01653,East,97175.56,8,Yes
CUST01654,North,39638.41,47,Yes
CUST01655,North,13346.24,45,Yes
CUST01656,South,104569.43,67,No
CUST01657,South,112016.86,77,Yes
CUST01658,West,183591.06,71,Yes
CUST01659,East,37870.09,24,Yes
CUST01660,West,90787.45,10,No
CUST01661,South,168590.91,56,Yes
CUST01662,South,187448.64,89,Yes
CUST01663,South,25533.47,78,Yes
CUST01664,East,72269.8,43,No
CUST01665,West,146028.46,25,Yes
CUST01666,South,77045.76,78,Yes
CUST01667,East,134805.57,63,No
CUST01668,West,128722.08,27,No
CUST01669,West,83322.06,96,Yes
CUST01670,North,67738.95,46,No
CUST01671,South,9244.19,26,Yes
CUST01672,West,146002.6,48,Yes
CUST01673,East,98591.3,69,Yes
CUST01674,North,36627.3,82,No
CUST01675,East,109838.85,47,No
CUST01676,East,15474.25,55,No
CUST01677,North,198510.41,53,No
CUST01678,East,192361.55,45,Yes
CUST01679,North,80467.18,51,No
CUST01680,South,122842.88,56,No
CUST01681,West,67504.35,55,Yes
CUST01682,East,146580.86,33,No
CUST01683,South,161028.95,49,No
CUST01684,West,178137.47,99,Yes
CUST01685,North,135476.5,87,Yes
CUST01686,North,12776.24,28,No
CUST01687,West,79804.19,46,Yes
CUST01688,North,146304.52,86,No
CUST01689,West,181501.35,25,Yes
CUST01690,West,71521.06,64,No
CUST01691,North,140444.38,96,Yes
CUST01692,West,119162.35,87,Yes
CUST01693,North,131524.76,23,Yes
CUST01694,East,45695.89,88,No
CUST01695,North,6014.62,42,Yes
CUST01696,West,9619.74,91,Yes
CUST01697,East,139295.67,57,No
CUST01698,South,147270.01,45,Yes
CUST01699,West,27503.24,92,Yes
CUST01700,North,103227.86,25,Yes
CUST01701,South,83687.3,75,Yes
CUST01702,West,147187.05,45,Yes
CUST01703,West,21830.52,3,Yes
CUST01704,West,94858.25,24,Yes
CUST01705,East,143168.41,88,Yes
CUST01706,West,179418.36,25,Yes
CUST01707,North,172471.31,98,No
CUST01708,East,119792.1,19,No
CUST01709,South,122717.64,54,No
CUST01710,North,114852.47,19,Yes
CUST01711,West,37053.2,55,Yes
CUST01712,North,87763.04,45,Yes
CUST01713,North,85873.45,96,No
CUST01714,South,36287.98,31,Yes
CUST01715,West,104097.42,18,Yes
CUST01716,East,80662.25,73,Yes
CUST01717,South,78102.81,40,No
CUST01718,East,159932.5,4,Yes
CUST01719,South,67223.39,52,No
CUST01720,South,132851.02,79,No
CUST01721,North,136134.25,13,Yes
CUST01722,West,147447.67,61,Yes
CUST01723,West,176070.73,63,Yes
CUST01724,West,179579.76,11,Yes
CUST01725,West,28486.93,13,Yes
CUST01726,East,83836.29,37,Yes
CUST01727,South,151850.04,52,Yes
CUST01728,North,136415.41,60,Yes
CUST01729,West,195335.64,85,No
CUST01730,South,61373.72,51,No
CUST01731,East,31122.86,31,No
CUST01732,South,79317.51,81,Yes
CUST01733,South,193076.72,92,Yes
CUST01734,West,101386.73,58,Yes
CUST01735,South,42109.62,84,No
CUST01736,West,47212.71,59,Yes
CUST01737,South,105158.03,62,No
CUST01738,East,181941.29,68,No
CUST01739,East,65422.43,35,No
CUST01740,South,37379.86,7,Yes
CUST01741,East,157806.06,16,Yes
CUST01742,East,22693.71,72,Yes
CUST01743,South,120393.6,83,No
CUST01744,East,61190.8,77,No
CUST01745,East,157231.65,36,Yes
CUST01746,West,138374.25,87,No
CUST01747,South,66303.85,55,Yes
CUST01748,South,129499.28,26,Yes
CUST01749,East,61903.39,28,No
CUST01750,East,172422.19,78,Yes
CUST01751,North,17766.82,54,No
CUST01752,West,150613.2,72,No
CUST01753,North,58598.74,86,No
CUST01754,East,27205.69,1,Yes
CUST01755,South,17311.18,68,Yes
CUST01756,East,128031.76,7,No
CUST01757,West,95619.67,71,Yes
CUST01758,West,34487.44,75,No
CUST01759,North,127573.42,63,No
CUST01760,West,102711.61,81,Yes
CUST01761,East,165913.09,96,No
CUST01762,East,186839.32,99,No
CUST01763,North,134531.58,61,Yes
CUST01764,North,175976.63,24,Yes
CUST01765,South,122789.7,78,Yes
CUST01766,West,15112.28,27,No
CUST01767,North,126643.82,8,No
CUST01768,West,126296.04,77,Yes
CUST01769,East,155325.55,96,Yes
CUST01770,West,199099.36,13,No
CUST01771,West,74458.1,78,Yes
CUST01772,North,104588.22,71,No
CUST01773,North,101598.64,25,Yes
CUST01774,North,196565.17,54,Yes
CUST01775,East,90802.06,89,Yes
CUST01776,South,83613.99,85,Yes
CUST01777,South,163707.05,16,No
CUST01778,West,135035.77,43,Yes
CUST01779,North,52072.79,2,No
CUST01780,South,132498.91,94,Yes
CUST01781,North,199151.16,69,Yes
CUST01782,West,1327.11,51,Yes
CUST01783,South,41644.18,69,No
CUST01784,East,21975.65,86,No
CUST01785,West,148716.15,55,No
CUST01786,West,146838.98,97,No
CUST01787,North,185832.78,97,No
CUST01788,West,62232.86,82,Yes
CUST01789,East,149061.69,33,No
CUST01790,South,23010.12,60,No
CUST01791,East,47312.94,87,No
CUST01792,South,55626.83,13,Yes
CUST01793,North,90988.29,43,No
CUST01794,North,102269.92,79,No
CUST01795,South,134645.96,30,No
CUST01796,South,92685.99,67,No
CUST01797,West,64824.18,7,No
CUST01798,North,50472.37,65,No
CUST01799,North,80329.86,29,No
CUST01800,West,69770.34,47,Yes
CUST01801,North,47716.13,51,Yes
CUST01802,South,180922.94,27,Yes
CUST01803,East,62256.01,24,Yes
CUST01804,West,37799.14,86,Yes
CUST01805,West,58980.85,99,Yes
CUST01806,South,88290.85,75,No
CUST01807,South,99098.44,41,Yes
CUST01808,East,168159.55,30,Yes
CUST01809,West,60232.41,17,Yes
CUST01810,South,135129.49,79,No
CUST01811,South,25377.07,56,Yes
CUST01812,North,65930.15,98,No
CUST01813,South,38835.62,52,No
CUST01814,South,24613.46,65,No
CUST01815,North,50145.27,53,Yes
CUST01816,North,88574.14,54,Yes
CUST01817,West,102844.31,65,No
CUST01818,East,100990.66,17,No
CUST01819,East,177750.08,44,Yes
CUST01820,North,101237.97,34,Yes
CUST01821,South,79270.81,78,Yes
CUST01822,West,118852.06,2,Yes
CUST01823,North,62751.39,12,No
CUST01824,West,148154.38,84,No
CUST01825,East,24526.26,58,Yes
CUST01826,North,76095.27,45,Yes
CUST01827,North,190212.91,77,No
CUST01828,South,190772.89,26,No
CUST01829,North,140219.71,55,Yes
CUST01830,East,189608.16,61,Yes
CUST01831,South,166000.98,80,No
CUST01832,South,76941.68,78,Yes
CUST01833,West,153826.03,67,Yes
CUST01834,North,30058.18,41,Yes
CUST01835,East,149397.82,58,Yes
CUST01836,South,161845.37,7,No
CUST01837,South,112810.89,52,Yes
CUST01838,North,71835.6,71,No
CUST01839,North,138073.29,21,Yes
CUST01840,North,27321.47,74,No
CUST01841,South,131895.31,51,Yes
CUST01842,West,120588.15,41,Yes
CUST01843,East,152102.86,28,Yes
CUST01844,North,94339.11,58,Yes
CUST01845,West,22862.76,71,Yes
CUST01846,South,40669.75,60,Yes
CUST01847,West,138319.33,97,No
CUST01848,North,145332.13,48,Yes
CUST01849,North,77974.64,45,Yes
CUST01850,South,42204.36,97,Yes
CUST01851,South,182254.43,2,Yes
CUST01852,East,49864.57,88,Yes
CUST01853,East,185285.85,50,No
CUST01854,East,41953.08,75,Yes
CUST01855,West,89310.5,29,Yes
CUST01856,North,107377.28,18,No
CUST01857,North,60991.15,45,Yes
CUST01858,East,75044.37,49,Yes
CUST01859,South,1763.59,20,Yes
CUST01860,East,116214.1,9,Yes
CUST01861,West,100340.59,92,Yes
CUST01862,North,149037.13,52,Yes
CUST01863,North,138591.8,46,No
CUST01864,East,89525.63,53,Yes
CUST01865,North,183526.9,19,Yes
CUST01866,North,152672.74,49,Yes
CUST01867,North,145297.12,49,No
CUST01868,South,73287.81,52,No
CUST01869,South,120675.43,46,No
CUST01870,West,161214.37,61,No
CUST01871,North,89745.15,25,Yes
CUST01872,North,135077.49,58,Yes
CUST01873,South,93376.59,6,Yes
CUST01874,East,38097.54,78,Yes
CUST01875,East,41608.81,71,Yes
CUST01876,West,6346.66,84,Yes
CUST01877,West,193486.97,26,No
CUST01878,South,85993.9,30,Yes
CUST01879,North,192458.32,33,No
CUST01880,South,51182.4,98,No
CUST01881,South,102683.18,48,Yes
CUST01882,South,8813.75,73,Yes
CUST01883,West,67398.52,81,No
CUST01884,North,110581.43,84,No
CUST01885,West,187804.21,55,No
CUST01886,East,154179.58,78,Yes
CUST01887,West,68986.58,6,Yes
CUST01888,South,36504.8,18,Yes
CUST01889,West,163333.33,94,Yes
CUST01890,South,39155.51,96,No
CUST01891,East,68660.87,27,No
CUST01892,West,17768.61,7,No
CUST01893,West,37181.71,64,No
CUST01894,North,148233.7,53,Yes
CUST01895,West,127429.35,93,Yes
CUST01896,East,104097.36,72,Yes
CUST01897,North,112389.19,72,No
CUST01898,East,148009.96,14,Yes
CUST01899,South,139542.3,38,Yes
CUST01900,West,52521.95,41,No
CUST01901,East,21174.59,67,Yes
CUST01902,South,106961.71,12,Yes
CUST01903,East,35743.38,98,Yes
CUST01904,South,123821.65,4,Yes
CUST01905,West,25697.37,12,No
CUST01906,West,118751.68,8,Yes
CUST01907,East,97955.19,57,Yes
CUST01908,North,98467.39,8,Yes
CUST01909,West,28137.7,10,No
CUST01910,West,52238.32,36,Yes
CUST01911,West,87812.96,14,No
CUST01912,West,150240.78,86,Yes
CUST01913,East,70053.46,39,No
CUST01914,North,78179.02,9,Yes
CUST01915,West,147689.35,61,Yes
CUST01916,South,67928.36,62,Yes
CUST01917,South,111010.16,38,Yes
CUST01918,North,17995.2,72,Yes
CUST01919,East,36740.36,57,Yes
CUST01920,East,97216.12,59,No
CUST01921,North,150280.49,96,No
CUST01922,East,23733.19,74,Yes
CUST01923,West,153980.68,32,No
CUST01924,West,93784.4,23,Yes
CUST01925,West,11496.05,87,Yes
CUST01926,South,9985.12,33,No
CUST01927,South,53219.27,33,Yes
CUST01928,North,123725.83,51,Yes
CUST01929,South,114610.5,88,Yes
CUST01930,West,177076.78,53,Yes
CUST01931,West,153552.59,11,No
CUST01932,East,113363.33,33,Yes
CUST01933,South,140472.27,68,No
CUST01934,North,137349.73,94,Yes
CUST01935,South,151797.54,54,Yes
CUST01936,East,20032.5,34,Yes
CUST01937,East,97641.23,57,Yes
CUST01938,South,33755.26,54,Yes
CUST01939,West,69311.82,90,Yes
CUST01940,South,21371.05,76,No
CUST01941,East,148943.6,82,Yes
CUST01942,East,121039.4,2,Yes
CUST01943,North,79423.94,90,Yes
CUST01944,North,26096.95,40,No
CUST01945,South,160605.62,15,No
CUST01946,West,130087.91,74,No
CUST01947,North,55038.54,50,No
CUST01948,North,95788.15,7,No
CUST01949,East,135603.28,15,Yes
CUST01950,West,151533.77,65,Yes
CUST01951,West,139463.2,61,Yes
CUST01952,South,65907.88,91,No
CUST01953,North,41995.13,16,Yes
CUST01954,South,197174.93,80,No
CUST01955,South,64263.03,44,Yes
CUST01956,East,163514.39,97,Yes
CUST01957,East,108134.26,54,Yes
CUST01958,West,124616.08,99,Yes
CUST01959,South,187143.5,77,Yes
CUST01960,West,98135.39,58,Yes
CUST01961,West,187698.05,68,Yes
CUST01962,East,43815.97,72,No
CUST01963,South,199506.11,43,No
CUST01964,South,147970.66,5,Yes
CUST01965,South,49209.17,10,Yes
CUST01966,West,196606.43,18,Yes
CUST01967,West,68423.79,87,Yes
CUST01968,South,160566.19,67,Yes
CUST01969,West,170250.34,43,No
CUST01970,East,44535.57,98,No
CUST01971,East,79357.27,41,Yes
CUST01972,South,49266.31,28,Yes
CUST01973,North,12633.14,69,Yes
CUST01974,North,74501.47,96,Yes
CUST01975,South,80596.62,91,No
CUST01976,West,115866.0,39,Yes
CUST01977,West,68450.01,23,Yes
CUST01978,West,140518.42,73,Yes
CUST01979,East,52026.19,49,No
CUST01980,North,132607.19,95,Yes
CUST01981,South,150315.82,48,Yes
CUST01982,West,100887.14,88,Yes
CUST01983,West,72584.25,57,No
CUST01984,South,173008.89,68,No
CUST01985,East,59694.22,30,No
CUST01986,West,139736.08,86,No
CUST01987,South,199365.03,49,Yes
CUST01988,North,7052.76,68,No
CUST01989,East,41594.93,87,Yes
CUST01990,South,13378.81,23,No
CUST01991,East,103010.43,79,Yes
CUST01992,South,168051.19,19,Yes
CUST01993,North,39342.6,62,Yes
CUST01994,West,143360.82,19,Yes
CUST01995,West,46268.84,44,Yes
CUST01996,South,75794.64,66,Yes
CUST01997,West,197636.69,42,Yes
CUST01998,South,11443.86,10,Yes
CUST01999,East,71025.08,51,Yes
CUST02000,North,25804.84,78,Yes
CUST02001,West,8833.01,9,Yes
CUST02002,North,4870.16,62,Yes
CUST02003,West,121573.47,38,Yes
CUST02004,West,58760.77,50,Yes
CUST02005,West,152616.09,97,Yes
CUST02006,South,158606.61,36,Yes
CUST02007,South,78452.52,6,No
CUST02008,West,157252.79,91,Yes
CUST02009,West,185454.6,56,No
CUST02010,South,11050.97,54,No
CUST02011,North,53281.47,21,Yes
CUST02012,West,57227.5,93,No
CUST02013,North,142091.3,3,No
CUST02014,East,79061.14,40,Yes
CUST02015,South,88473.03,55,Yes
CUST02016,South,23957.2,98,Yes
CUST02017,South,193345.13,87,Yes
CUST02018,North,52483.48,87,No
CUST02019,West,125418.01,19,No
CUST02020,South,19173.82,63,Yes
CUST02021,West,188531.92,73,Yes
CUST02022,West,52268.77,63,No
CUST02023,East,149991.0,69,No
CUST02024,South,58214.73,71,Yes
CUST02025,South,81723.41,45,Yes
CUST02026,South,26715.54,30,Yes
CUST02027,South,121045.84,73,Yes
CUST02028,North,21647.51,69,Yes
CUST02029,West,198066.75,12,Yes
CUST02030,East,170517.34,75,Yes
CUST02031,East,77518.65,79,Yes
CUST02032,North,48689.51,28,Yes
CUST02033,South,159008.88,86,No
CUST02034,East,68258.33,20,Yes
CUST02035,North,45652.21,1,Yes
CUST02036,East,29565.41,96,Yes
CUST02037,North,102707.67,18,No
CUST02038,South,16841.41,92,No
CUST02039,North,28750.6,93,Yes
CUST02040,North,90571.86,95,No
CUST02041,West,75036.67,18,Yes
CUST02042,South,53234.52,9,No
CUST02043,West,49555.07,51,No
CUST02044,West,50278.7,92,No
CUST02045,East,167652.47,64,Yes
CUST02046,South,64878.41,78,No
CUST02047,East,55421.43,20,Yes
CUST02048,South,22175.94,79,Yes
CUST02049,South,71341.17,57,Yes
CUST02050,North,189755.55,50,Yes
CUST02051,West,153007.44,18,No
CUST02052,East,104976.86,17,Yes
CUST02053,West,136575.14,95,No
CUST02054,West,76797.18,34,Yes
CUST02055,North,119632.39,58,Yes
CUST02056,South,79688.24,15,Yes
CUST02057,South,168918.76,32,Yes
CUST02058,South,27621.85,74,Yes
CUST02059,South,14716.65,93,Yes
CUST02060,North,124426.73,66,Yes
CUST02061,West,58655.87,17,Yes
CUST02062,West,152305.32,96,No
CUST02063,North,44273.13,83,Yes
CUST02064,North,173379.18,24,No
CUST02065,West,160227.38,40,No
CUST02066,West,72373.61,56,Yes
CUST02067,West,155767.85,68,No
CUST02068,North,3506.68,6,No
CUST02069,North,63254.01,99,Yes
CUST02070,East,198595.75,77,Yes
CUST02071,East,66546.47,43,No
CUST02072,East,89392.61,55,No
CUST02073,East,163402.38,12,No
CUST02074,East,138891.13,39,Yes
CUST02075,North,21778.66,12,Yes
CUST02076,North,92134.68,57,No
CUST02077,West,114085.45,45,Yes
CUST02078,South,52881.05,90,Yes
CUST02079,South,177911.12,56,Yes
CUST02080,South,143177.48,67,Yes
CUST02081,South,47338.85,71,Yes
CUST02082,East,186000.27,63,Yes
CUST02083,South,65239.15,50,Yes
CUST02084,West,111241.92,39,No
CUST02085,East,173672.72,23,Yes
CUST02086,West,155399.57,2,No
CUST02087,West,126052.98,79,Yes
CUST02088,West,167030.63,37,No
CUST02089,South,53845.96,5,Yes
CUST02090,West,128153.64,37,Yes
CUST02091,West,59238.36,10,Yes
CUST02092,North,86970.1,44,No
CUST02093,East,33507.54,54,Yes
CUST02094,North,98219.95,2,Yes
CUST02095,South,93984.94,59,No
CUST02096,East,87698.74,45,No
CUST02097,South,128977.77,94,Yes
CUST02098,West,10812.49,7,Yes
CUST02099,South,52749.56,38,Yes
CUST02100,North,164407.34,53,No
CUST02101,North,142359.95,95,Yes
CUST02102,West,186537.28,54,Yes
CUST02103,North,68851.43,4,Yes
CUST02104,West,158030.13,29,No
CUST02105,West,5904.24,58,Yes
CUST02106,East,45378.95,39,No
CUST02107,South,195144.78,91,Yes
CUST02108,West,136509.7,65,Yes
CUST02109,North,108299.02,28,No
CUST02110,South,182451.9,84,Yes
CUST02111,South,73096.4,82,Yes
CUST02112,North,118946.52,74,Yes
CUST02113,West,85952.05,60,No
CUST02114,South,189429.16,76,Yes
CUST02115,North,186364.32,70,No
CUST02116,South,196227.93,5,Yes
CUST02117,North,136819.83,90,No
CUST02118,North,54360.5,72,Yes
CUST02119,South,133720.26,16,Yes
CUST02120,East,119938.78,52,No
CUST02121,West,194585.95,80,Yes
CUST02122,South,16316.87,54,No
CUST02123,East,100707.01,62,Yes
CUST02124,North,167929.03,11,Yes
CUST02125,East,89783.7,71,Yes
CUST02126,North,21273.87,63,Yes
CUST02127,South,144424.3,8,No
CUST02128,East,88170.77,93,Yes
CUST02129,South,19179.3,26,No
CUST02130,West,145763.03,36,Yes
CUST02131,East,37665.48,86,No
CUST02132,West,79921.52,93,Yes
CUST02133,South,10751.92,38,Yes
CUST02134,East,199665.43,73,Yes
CUST02135,North,198960.22,77,Yes
CUST02136,North,147310.48,43,No
CUST02137,East,143408.52,93,No
CUST02138,North,41970.52,36,Yes
CUST02139,West,139078.77,66,No
CUST02140,South,171861.42,1,Yes
CUST02141,North,103054.24,25,Yes
CUST02142,West,162757.34,58,Yes
CUST02143,South,156510.96,82,No
CUST02144,South,12186.57,37,Yes
CUST02145,South,190111.1,84,Yes
CUST02146,South,63518.25,1,Yes
CUST02147,West,190833.41,3,No
CUST02148,West,36002.17,86,Yes
CUST02149,South,10567.71,77,Yes
CUST02150,West,29703.76,35,No
CUST02151,North,45234.27,16,No
CUST02152,North,51422.5,79,Yes
CUST02153,South,137002.45,11,No
CUST02154,East,99187.93,68,Yes
CUST02155,East,81688.86,10,Yes
CUST02156,North,196802.26,41,Yes
CUST02157,East,113354.22,59,Yes
CUST02158,North,52533.36,49,No
CUST02159,West,21591.54,79,Yes
CUST02160,East,123122.95,32,No
CUST02161,South,91123.79,36,Yes
CUST02162,South,104656.27,60,Yes
CUST02163,East,61443.27,54,Yes
CUST02164,South,115341.86,80,Yes
CUST02165,South,159320.1,51,Yes
CUST02166,South,129042.36,53,Yes
CUST02167,West,18269.81,52,No
CUST02168,South,71458.85,41,Yes
CUST02169,North,46649.31,44,Yes
CUST02170,West,53954.17,54,Yes
CUST02171,South,86765.76,60,Yes
CUST02172,East,166645.82,78,Yes
CUST02173,North,37501.31,48,No
CUST02174,South,196011.13,99,Yes
CUST02175,North,27229.56,51,No
CUST02176,West,22298.8,83,No
CUST02177,South,163604.31,4,Yes
CUST02178,North,86598.4,12,Yes
CUST02179,South,152663.79,32,No
CUST02180,West,35781.48,45,Yes
CUST02181,West,125198.57,18,Yes
CUST02182,West,182529.44,78,Yes
CUST02183,West,63828.5,42,Yes
CUST02184,South,75688.95,82,Yes
CUST02185,North,20016.26,80,No
CUST02186,West,195980.9,62,Yes
CUST02187,South,10193.1,82,No
CUST02188,South,36292.92,89,No
CUST02189,South,16282.34,78,No
CUST02190,South,48122.72,8,Yes
CUST02191,North,159226.95,69,No
CUST02192,West,192906.29,32,No
CUST02193,North,104824.95,76,No
CUST02194,South,41547.34,30,Yes
CUST02195,East,80487.02,3,Yes
CUST02196,North,83816.03,13,No
CUST02197,North,28409.09,87,Yes
CUST02198,South,14943.67,41,No
CUST02199,East,145767.94,47,No
CUST02200,East,99851.94,69,Yes
CUST02201,South,142008.13,56,Yes
CUST02202,West,72882.0,30,Yes
CUST02203,North,72946.5,55,Yes
CUST02204,East,7846.24,57,No
CUST02205,South,86981.39,43,Yes
CUST02206,North,178313.31,76,Yes
CUST02207,North,121256.58,98,Yes
CUST02208,West,29718.1,52,Yes
CUST02209,West,174833.32,59,Yes
CUST02210,South,69707.65,30,Yes
CUST02211,East,33339.7,73,Yes
CUST02212,North,143757.18,19,Yes
CUST02213,South,152709.88,72,No
CUST02214,East,189153.48,96,Yes
CUST02215,South,91623.59,50,Yes
CUST02216,South,85114.64,41,Yes
CUST02217,West,175717.7,97,Yes
CUST02218,East,162815.26,26,Yes
CUST02219,East,70992.3,92,Yes
CUST02220,East,116065.46,5,Yes
CUST02221,North,173535.31,33,Yes
CUST02222,West,11528.58,18,Yes
CUST02223,West,125733.72,16,No
CUST02224,West,101970.56,48,Yes
CUST02225,South,113604.51,6,No
CUST02226,North,90774.88,88,Yes
CUST02227,North,144140.82,92,Yes
CUST02228,West,93323.32,29,Yes
CUST02229,South,166513.2,6,Yes
CUST02230,West,187043.72,14,Yes
CUST02231,West,26746.74,71,Yes
CUST02232,North,186057.18,85,Yes
CUST02233,West,155819.01,9,Yes
CUST02234,South,81860.11,13,No
CUST02235,North,186587.84,35,Yes
CUST02236,West,17758.39,59,No
CUST02237,East,57795.41,19,Yes
CUST02238,South,193201.5,76,Yes
CUST02239,North,49845.44,94,Yes
CUST02240,South,194595.99,92,Yes
CUST02241,North,178601.35,77,Yes
CUST02242,West,5909.32,80,No
CUST02243,East,78488.57,11,No
CUST02244,North,43204.17,35,Yes
CUST02245,South,9270.41,95,Yes
CUST02246,West,4910.65,74,Yes
CUST02247,North,140778.67,2,Yes
CUST02248,West,199597.51,31,No
CUST02249,East,30175.05,67,No
CUST02250,South,148662.47,48,Yes
CUST02251,East,124886.85,90,No
CUST02252,South,125125.0,21,No
CUST02253,West,80670.97,70,Yes
CUST02254,North,8385.55,28,No
CUST02255,East,181644.49,40,Yes
CUST02256,East,43906.34,76,Yes
CUST02257,South,108863.39,87,No
CUST02258,South,58540.92,11,Yes
CUST02259,East,113921.2,66,Yes
CUST02260,South,115582.7,94,Yes
CUST02261,North,196589.16,60,Yes
CUST02262,South,29469.33,2,No
CUST02263,West,3860.22,2,No
CUST02264,East,164708.84,5,No
CUST02265,South,180734.95,20,Yes
CUST02266,South,15370.42,25,Yes
CUST02267,West,153264.62,70,Yes
CUST02268,South,164027.61,1,Yes
CUST02269,South,174606.52,12,Yes
CUST02270,North,17674.4,35,Yes
CUST02271,East,15506.79,22,Yes
CUST02272,East,7237.19,54,No
CUST02273,West,195810.52,31,Yes
CUST02274,South,147270.2,33,Yes
CUST02275,South,109836.19,16,Yes
CUST02276,East,84178.83,39,No
CUST02277,West,183591.43,88,Yes
CUST02278,West,90053.08,87,Yes
CUST02279,East,125004.43,96,No
CUST02280,South,47504.4,63,Yes
CUST02281,North,64691.29,74,No
CUST02282,East,26233.56,7,Yes
CUST02283,East,9857.3,55,Yes
CUST02284,North,33011.2,82,Yes
CUST02285,South,170781.99,79,Yes
CUST02286,West,163110.39,17,Yes
CUST02287,North,72935.94,58,Yes
CUST02288,West,79443.91,19,No
CUST02289,South,68852.35,82,Yes
CUST02290,East,169510.22,18,Yes
CUST02291,West,186973.51,54,Yes
CUST02292,South,48429.1,99,Yes
CUST02293,West,106024.65,25,Yes
CUST02294,West,48530.19,85,Yes
CUST02295,West,155907.25,61,Yes
CUST02296,North,62110.46,80,No
CUST02297,West,175584.64,16,Yes
CUST02298,South,71955.23,21,No
CUST02299,West,76092.35,17,Yes
CUST02300,East,100005.77,27,No
CUST02301,South,41991.65,92,No
CUST02302,East,48274.44,84,No
CUST02303,South,68407.86,1,No
CUST02304,North,183498.28,47,Yes
CUST02305,South,170655.99,14,No
CUST02306,West,37529.26,31,Yes
CUST02307,West,181276.42,96,Yes
CUST02308,East,99112.99,58,Yes
CUST02309,North,188809.51,91,Yes
CUST02310,East,184733.92,82,Yes
CUST02311,West,183024.22,9,No
CUST02312,South,197835.94,20,No
CUST02313,South,106085.55,30,Yes
CUST02314,North,1779.76,63,No
CUST02315,West,173193.62,94,Yes
CUST02316,South,31101.59,31,No
CUST02317,South,40941.86,29,Yes
CUST02318,West,16419.24,2,Yes
CUST02319,South,128031.66,86,No
CUST02320,North,127843.09,90,Yes
CUST02321,North,94793.04,66,Yes
CUST02322,South,175310.67,18,Yes
CUST02323,South,102939.85,74,Yes
CUST02324,East,189291.19,63,No
CUST02325,West,35505.82,39,Yes
CUST02326,North,38282.01,39,Yes
CUST02327,North,149380.04,15,Yes
CUST02328,South,167379.7,60,No
CUST02329,South,4154.52,23,Yes
CUST02330,South,51678.09,78,Yes
CUST02331,North,41739.17,35,Yes
CUST02332,East,29294.09,97,Yes
CUST02333,East,56588.56,81,No
CUST02334,West,102875.79,86,Yes
CUST02335,South,176599.43,12,Yes
CUST02336,East,64444.65,23,Yes
CUST02337,West,100322.62,94,No
CUST02338,North,5374.38,81,Yes
CUST02339,North,72659.83,88,Yes
CUST02340,South,29980.1,24,Yes
CUST02341,East,199970.0,79,No
CUST02342,South,32014.46,65,No
CUST02343,South,19632.95,28,Yes
CUST02344,North,1252.35,85,No
CUST02345,North,130400.76,35,No
CUST02346,West,185406.45,82,Yes
CUST02347,East,158000.08,8,Yes
CUST02348,North,25540.38,72,Yes
CUST02349,East,186400.19,97,No
CUST02350,East,31529.16,63,Yes
CUST02351,North,31130.68,98,Yes
CUST02352,South,81877.29,39,Yes
CUST02353,North,22055.2,78,Yes
CUST02354,East,191224.73,82,Yes
CUST02355,West,101132.65,28,Yes
CUST02356,South,100731.38,20,Yes
CUST02357,South,71476.69,67,Yes
CUST02358,East,133500.33,71,Yes
CUST02359,South,109281.07,58,Yes
CUST02360,North,83615.98,41,Yes
CUST02361,South,159686.69,78,Yes
CUST02362,South,93298.16,79,Yes
CUST02363,North,4598.14,63,Yes
CUST02364,North,8407.12,28,No
CUST02365,East,167421.97,33,No
CUST02366,West,95125.13,22,Yes
CUST02367,South,194977.26,75,No
CUST02368,East,11119.83,6,Yes
CUST02369,West,61310.09,93,No
CUST02370,North,134502.11,2,Yes
CUST02371,East,167272.5,55,No
CUST02372,South,124765.41,97,No
CUST02373,South,39793.61,19,Yes
CUST02374,East,13426.41,33,Yes
CUST02375,South,29181.83,17,Yes
CUST02376,North,193351.56,98,Yes
CUST02377,West,149174.8,71,No
CUST02378,East,198532.48,25,Yes
CUST02379,East,134738.46,46,No
CUST02380,North,62990.95,11,No
CUST02381,East,5318.32,35,No
CUST02382,West,77090.3,54,Yes
CUST02383,East,3689.21,34,Yes
CUST02384,East,161951.09,17,No
CUST02385,North,97286.14,80,Yes
CUST02386,West,69095.09,93,Yes
CUST02387,West,63598.27,69,Yes
CUST02388,East,124002.49,13,Yes
CUST02389,South,72525.34,46,Yes
CUST02390,North,134065.51,67,No
CUST02391,North,174426.22,49,Yes
CUST02392,North,143719.11,36,Yes
CUST02393,East,49381.78,56,Yes
CUST02394,South,38797.01,4,No
CUST02395,South,133298.78,35,Yes
CUST02396,East,130543.38,87,Yes
CUST02397,South,15543.93,22,Yes
CUST02398,West,139875.01,58,No
CUST02399,West,2464.21,12,Yes
CUST02400,North,30612.93,62,No
CUST02401,East,108569.98,98,No
CUST02402,East,135048.36,36,No
CUST02403,North,181297.8,2,Yes
CUST02404,West,91637.65,28,No
CUST02405,East,126792.36,79,Yes
CUST02406,South,183271.06,73,Yes
CUST02407,South,121670.84,14,Yes
CUST02408,North,8844.1,85,Yes
CUST02409,North,189606.15,54,Yes
CUST02410,South,106480.42,89,Yes
CUST02411,West,178519.71,71,Yes
CUST02412,North,111893.11,39,Yes
CUST02413,West,113425.57,8,Yes
CUST02414,West,150282.01,81,No
CUST02415,North,56300.33,27,Yes
CUST02416,East,88680.02,64,No
CUST02417,North,41498.71,20,No
CUST02418,South,132406.83,8,Yes
CUST02419,North,102905.63,90,Yes
CUST02420,North,41838.8,17,Yes
CUST02421,West,62890.39,48,Yes
CUST02422,South,183167.82,18,No
CUST02423,West,54614.16,43,Yes
CUST02424,East,67932.8,54,Yes
CUST02425,West,146295.91,16,No
CUST02426,North,54389.15,90,Yes
CUST02427,West,147217.6,10,No
CUST02428,West,103523.25,92,Yes
CUST02429,North,133505.7,23,Yes
CUST02430,West,26101.39,80,No
CUST02431,North,143016.76,8,No
CUST02432,North,7464.83,39,Yes
CUST02433,East,199894.11,33,Yes
CUST02434,North,110785.91,34,Yes
CUST02435,East,19841.52,62,Yes
CUST02436,South,120520.72,89,No
CUST02437,South,46848.62,84,Yes
CUST02438,East,53780.48,30,No
CUST02439,East,54341.39,84,No
CUST02440,West,170541.88,91,Yes
CUST02441,West,186872.57,63,No
CUST02442,West,164955.38,70,No
CUST02443,North,143077.63,34,No
CUST02444,West,124779.83,54,No
CUST02445,South,145785.04,67,Yes
CUST02446,East,124892.5,83,No
CUST02447,South,23364.8,18,Yes
CUST02448,West,167509.21,49,Yes
CUST02449,West,14093.85,71,Yes
CUST02450,South,44322.26,36,Yes
CUST02451,South,178371.47,55,Yes
CUST02452,South,45134.12,81,No
CUST02453,West,121929.44,71,Yes
CUST02454,West,2983.88,12,No
CUST02455,South,58066.61,92,No
CUST02456,West,171048.57,39,Yes
CUST02457,South,174947.71,34,No
CUST02458,West,102187.33,62,No
CUST02459,East,145705.4,15,Yes
CUST02460,West,147706.63,68,Yes
CUST02461,West,158715.41,16,No
CUST02462,North,181642.41,21,Yes
CUST02463,East,167213.57,8,No
CUST02464,North,111369.48,75,No
CUST02465,East,2810.54,71,No
CUST02466,North,173725.36,29,Yes
CUST02467,East,143197.91,68,Yes
CUST02468,South,161188.4,37,Yes
CUST02469,South,104285.32,73,Yes
CUST02470,North,112268.19,6,Yes
CUST02471,North,88971.18,97,Yes
CUST02472,North,97259.05,65,Yes
CUST02473,West,152440.19,78,Yes
CUST02474,North,111240.02,93,Yes
CUST02475,South,176400.66,17,Yes
CUST02476,West,37578.77,86,Yes
CUST02477,East,71882.59,21,Yes
CUST02478,South,77906.05,89,No
CUST02479,West,110403.15,33,Yes
CUST02480,North,176370.36,21,No
CUST02481,East,165295.08,84,Yes
CUST02482,West,185191.02,3,No
CUST02483,East,188439.21,79,No
CUST02484,North,100862.25,22,Yes
CUST02485,North,94669.5,33,Yes
CUST02486,East,50727.63,78,Yes
CUST02487,South,77419.8,63,Yes
CUST02488,North,78674.83,63,Yes
CUST02489,East,51147.65,93,No
CUST02490,West,89824.56,85,Yes
CUST02491,East,73839.62,75,Yes
CUST02492,East,95469.5,74,Yes
CUST02493,North,107834.97,88,No
CUST02494,West,39876.43,27,No
CUST02495,South,50314.68,6,No
CUST02496,West,106554.42,88,Yes
CUST02497,South,85117.81,72,No
CUST02498,South,23533.01,70,Yes
CUST02499,East,108624.59,60,No
CUST02500,South,57882.45,38,No
CUST02501,West,111618.29,39,Yes
CUST02502,North,163739.9,31,No
CUST02503,South,105409.79,58,Yes
CUST02504,West,91826.27,31,Yes
CUST02505,West,17995.09,60,No
CUST02506,South,46120.11,43,Yes
CUST02507,South,179054.77,63,Yes
CUST02508,West,53352.93,92,No
CUST02509,West,137456.84,50,Yes
CUST02510,West,40402.6,82,Yes
CUST02511,East,36487.97,84,Yes
CUST02512,South,50987.21,38,Yes
CUST02513,South,146153.67,65,Yes
CUST02514,East,88928.89,2,Yes
CUST02515,East,159397.05,21,No
CUST02516,South,67068.14,22,Yes
CUST02517,West,158745.82,97,Yes
CUST02518,North,174788.86,75,Yes
CUST02519,South,27210.2,77,Yes
CUST02520,East,105108.44,54,Yes
CUST02521,South,105988.34,65,Yes
CUST02522,East,173016.19,43,Yes
CUST02523,South,106384.96,54,Yes
CUST02524,South,70990.25,43,Yes
CUST02525,East,159990.76,14,Yes
CUST02526,East,57426.05,32,Yes
CUST02527,West,148435.76,1,Yes
CUST02528,North,161962.85,2,Yes
CUST02529,North,5947.04,71,Yes
CUST02530,South,61250.75,34,No
CUST02531,West,159898.36,84,Yes
CUST02532,West,132631.77,40,Yes
CUST02533,South,100141.55,22,Yes
CUST02534,South,26959.83,39,Yes
CUST02535,South,18778.64,7,Yes
CUST02536,East,118668.93,37,No
CUST02537,North,149401.01,81,Yes
CUST02538,West,157530.11,72,Yes
CUST02539,East,192347.2,30,Yes
CUST02540,East,1817.13,74,Yes
CUST02541,West,33035.9,4,No
CUST02542,South,36398.08,88,No
CUST02543,East,35046.11,83,No
CUST02544,East,128219.8,10,No
CUST02545,West,136155.17,60,No
CUST02546,North,199950.56,69,Yes
CUST02547,North,112017.96,41,Yes
CUST02548,South,35667.92,25,Yes
CUST02549,East,36334.03,34,No
CUST02550,East,58082.48,49,Yes
CUST02551,North,120763.44,37,Yes
CUST02552,North,158775.17,93,Yes
CUST02553,West,104502.97,79,Yes
CUST02554,West,58161.03,85,No
CUST02555,North,127585.02,86,Yes
CUST02556,West,161548.85,42,Yes
CUST02557,West,63229.95,10,Yes
CUST02558,South,71648.04,39,Yes
CUST02559,North,120177.74,60,No
CUST02560,East,175074.67,34,No
CUST02561,South,170265.46,98,Yes
CUST02562,South,67258.37,84,Yes
CUST02563,West,64065.69,80,Yes
CUST02564,North,51677.68,23,Yes
CUST02565,West,20510.86,98,Yes
CUST02566,West,22998.09,42,Yes
CUST02567,North,107547.25,64,No
CUST02568,North,148155.46,10,No
CUST02569,West,113403.45,50,No
CUST02570,West,11362.41,17,No
CUST02571,North,161699.71,2,Yes
CUST02572,South,47877.62,54,No
CUST02573,North,119925.02,86,Yes
CUST02574,North,104544.4,43,No
CUST02575,South,149792.4,2,Yes
CUST02576,East,104002.29,16,No
CUST02577,South,81595.22,48,No
CUST02578,North,78137.3,44,No
CUST02579,West,180918.62,19,Yes
CUST02580,South,124205.16,43,No
CUST02581,South,183035.12,57,No
CUST02582,North,149303.06,30,No
CUST02583,East,39531.14,42,Yes
CUST02584,South,101994.31,70,Yes
CUST02585,South,46124.96,17,No
CUST02586,North,120885.78,70,Yes
CUST02587,North,125963.79,30,No
CUST02588,North,126200.22,71,Yes
CUST02589,North,181892.11,19,No
CUST02590,South,47550.64,23,No
CUST02591,East,63675.46,66,Yes
CUST02592,North,191637.89,35,Yes
CUST02593,West,146834.83,32,Yes
CUST02594,East,171329.11,41,Yes
CUST02595,East,36946.7,54,No
CUST02596,North,53851.93,65,Yes
CUST02597,West,65015.59,99,No
CUST02598,East,1972.01,14,Yes
CUST02599,West,72285.59,80,Yes
CUST02600,West,132212.12,41,No
CUST02601,East,186071.07,14,Yes
CUST02602,West,179351.01,58,Yes
CUST02603,North,160506.35,82,Yes
CUST02604,East,46713.54,19,No
CUST02605,West,126145.76,3,Yes
CUST02606,East,11417.09,81,Yes
CUST02607,West,160431.65,9,Yes
CUST02608,East,83798.06,37,Yes
CUST02609,South,185473.83,53,Yes
CUST02610,South,35378.71,8,No
CUST02611,East,106709.01,47,No
CUST02612,South,173338.61,91,Yes
CUST02613,North,113611.83,68,Yes
CUST02614,North,131579.63,4,Yes
CUST02615,East,139916.04,26,Yes
CUST02616,South,19610.5,92,Yes
CUST02617,East,11638.28,77,Yes
CUST02618,North,114297.59,66,Yes
CUST02619,East,62696.77,58,Yes
CUST02620,East,107999.02,84,Yes
CUST02621,South,58783.27,24,Yes
CUST02622,South,46505.48,47,Yes
CUST02623,East,150792.7,96,No
CUST02624,South,19528.32,12,No
CUST02625,South,128611.88,59,No
CUST02626,North,140823.29,49,Yes
CUST02627,East,80544.19,59,No
CUST02628,West,174263.62,92,Yes
CUST02629,West,168668.35,97,No
CUST02630,East,83451.08,15,Yes
CUST02631,East,120735.64,46,Yes
CUST02632,South,109776.37,75,Yes
CUST02633,West,76422.16,52,No
CUST02634,South,8723.78,66,Yes
CUST02635,South,144503.43,25,No
CUST02636,East,168664.37,87,No
CUST02637,West,9015.98,8,Yes
CUST02638,East,7182.56,61,Yes
CUST02639,West,48749.83,54,No
CUST02640,West,116367.69,82,No
CUST02641,North,69778.41,65,Yes
CUST02642,West,38167.73,5,No
CUST02643,West,70777.9,93,Yes
CUST02644,South,167341.79,76,No
CUST02645,West,50496.35,73,No
CUST02646,East,56655.1,2,No
CUST02647,West,5190.5,16,Yes
CUST02648,South,16628.71,51,No
CUST02649,East,46405.02,65,Yes
CUST02650,West,171891.65,13,Yes
CUST02651,South,99174.98,43,No
CUST02652,North,123760.07,24,Yes
CUST02653,South,133675.06,10,Yes
CUST02654,South,127590.6,75,No
CUST02655,East,53728.45,63,No
CUST02656,West,157010.4,25,Yes
CUST02657,South,4579.64,50,No
CUST02658,South,77228.7,96,Yes
CUST02659,East,41832.24,25,Yes
CUST02660,South,166056.35,99,Yes
CUST02661,North,55285.98,94,Yes
CUST02662,East,160728.59,14,Yes
CUST02663,East,81391.28,89,No
CUST02664,South,104525.87,44,Yes
CUST02665,West,127125.6,55,Yes
CUST02666,West,78231.65,2,Yes
CUST02667,East,37401.66,72,Yes
CUST02668,North,125011.31,63,Yes
CUST02669,West,161316.05,68,Yes
CUST02670,North,127843.52,90,No
CUST02671,East,67786.24,32,Yes
CUST02672,South,92552.76,66,Yes
CUST02673,North,4653.32,88,Yes
CUST02674,West,57317.13,10,Yes
CUST02675,South,19096.15,52,No
CUST02676,South,91010.49,95,Yes
CUST02677,South,118904.12,93,Yes
CUST02678,West,48089.99,70,Yes
CUST02679,South,41078.42,44,No
CUST02680,West,39050.89,79,Yes
CUST02681,West,6610.08,10,Yes
CUST02682,North,193918.85,28,No
CUST02683,West,183738.72,43,Yes
CUST02684,East,103906.47,56,Yes
CUST02685,East,66051.76,92,Yes
CUST02686,West,154803.23,40,Yes
CUST02687,East,176013.08,58,Yes
CUST02688,North,153364.82,22,Yes
CUST02689,East,65576.82,82,Yes
CUST02690,South,92712.88,70,Yes
CUST02691,West,153028.68,86,No
CUST02692,North,173504.19,9,No
CUST02693,West,147514.54,58,No
CUST02694,East,27382.24,64,Yes
CUST02695,East,10234.17,35,Yes
CUST02696,South,178348.96,85,Yes
CUST02697,North,154224.75,97,Yes
CUST02698,East,56825.04,98,Yes
CUST02699,North,164729.29,15,No
CUST02700,North,58255.97,84,No
CUST02701,South,82775.65,92,Yes
CUST02702,North,88263.1,96,Yes
CUST02703,West,172089.81,70,No
CUST02704,West,55909.73,13,No
CUST02705,East,69906.94,21,No
CUST02706,West,20266.93,26,No
CUST02707,North,130867.8,82,Yes
CUST02708,North,100786.85,17,No
CUST02709,East,27814.71,93,Yes
CUST02710,West,96121.91,67,Yes
CUST02711,West,76604.93,49,Yes
CUST02712,East,182990.7,27,Yes
CUST02713,East,101481.63,61,No
CUST02714,West,177436.48,68,Yes
CUST02715,South,153465.26,8,Yes
CUST02716,West,147127.69,47,Yes
CUST02717,East,104161.53,78,No
CUST02718,East,59376.38,5,Yes
CUST02719,South,81920.67,31,Yes
CUST02720,West,188767.08,98,Yes
CUST02721,South,54174.77,40,No
CUST02722,East,156545.45,27,Yes
CUST02723,West,143225.76,71,No
CUST02724,West,189269.05,13,Yes
CUST02725,West,61153.06,86,Yes
CUST02726,West,171835.58,4,Yes
CUST02727,South,69291.6,43,Yes
CUST02728,South,89036.35,10,Yes
CUST02729,North,68372.25,60,Yes
CUST02730,East,139480.43,14,No
CUST02731,South,87375.72,24,No
CUST02732,North,5467.4,24,Yes
CUST02733,North,10365.18,91,Yes
CUST02734,North,107538.8,65,No
CUST02735,South,170825.75,1,No
CUST02736,North,185952.11,11,Yes
CUST02737,North,110915.26,36,No
CUST02738,North,196620.98,21,Yes
CUST02739,East,52002.18,70,No
CUST02740,West,82349.81,86,No
CUST02741,East,16770.67,47,Yes
CUST02742,North,90142.79,47,No
CUST02743,South,26104.47,32,Yes
CUST02744,West,5663.16,48,Yes
CUST02745,West,132314.1,21,Yes
CUST02746,North,151918.57,33,Yes
CUST02747,North,11661.74,59,No
CUST02748,North,105971.69,41,Yes
CUST02749,West,109431.46,72,No
CUST02750,South,111410.33,12,No
CUST02751,North,16520.78,89,Yes
CUST02752,West,128912.53,3,Yes
CUST02753,South,98006.1,29,No
CUST02754,South,160522.28,17,Yes
CUST02755,West,55666.3,17,No
CUST02756,North,15324.18,50,No
CUST02757,West,60216.57,68,Yes
CUST02758,East,31140.07,42,Yes
CUST02759,East,61352.92,20,Yes
CUST02760,South,197880.55,80,No
CUST02761,West,89104.45,88,No
CUST02762,North,47281.05,89,Yes
CUST02763,North,42360.9,51,Yes
CUST02764,West,43698.4,58,Yes
CUST02765,East,20473.54,31,Yes
CUST02766,North,172463.37,99,Yes
CUST02767,North,71109.47,74,No
CUST02768,East,184475.51,52,No
CUST02769,South,107189.77,84,Yes
CUST02770,North,139078.81,17,Yes
CUST02771,East,54287.09,22,No
CUST02772,West,155689.17,27,Yes
CUST02773,East,9397.89,4,Yes
CUST02774,West,196998.04,19,No
CUST02775,South,189209.17,22,No
CUST02776,West,47605.61,28,Yes
CUST02777,East,108581.59,37,Yes
CUST02778,North,146604.24,85,Yes
CUST02779,North,116246.83,61,Yes
CUST02780,North,139120.39,72,Yes
CUST02781,North,121230.61,57,Yes
CUST02782,East,33558.08,30,Yes
CUST02783,North,118173.24,9,No
CUST02784,South,100866.21,86,No
CUST02785,West,112668.89,50,Yes
CUST02786,East,57294.3,78,No
CUST02787,East,57965.55,7,Yes
CUST02788,North,5914.76,47,Yes
CUST02789,West,148046.73,80,Yes
CUST02790,South,179111.74,6,No
CUST02791,West,60976.97,81,No
CUST02792,South,114909.14,69,Yes
CUST02793,North,103120.83,3,No
CUST02794,East,35967.33,17,Yes
CUST02795,East,87321.88,45,Yes
CUST02796,North,165201.84,21,No
CUST02797,East,172927.01,67,Yes
CUST02798,South,18096.17,10,Yes
CUST02799,East,89327.34,68,Yes
CUST02800,South,83739.19,51,Yes
CUST02801,South,105902.53,67,Yes
CUST02802,South,177686.71,23,Yes
CUST02803,North,92560.42,58,Yes
CUST02804,West,5586.37,3,Yes
CUST02805,North,172301.36,89,Yes
CUST02806,North,26354.21,90,Yes
CUST02807,North,27706.28,91,No
CUST02808,West,154645.82,87,Yes
CUST02809,South,51948.21,21,No
CUST02810,West,39826.66,26,Yes
CUST02811,North,54306.84,88,Yes
CUST02812,East,19704.19,60,No
CUST02813,East,192182.24,19,No
CUST02814,East,169264.69,57,Yes
CUST02815,South,180387.92,97,Yes
CUST02816,North,167487.42,55,No
CUST02817,South,139936.6,33,No
CUST02818,East,8634.41,80,Yes
CUST02819,West,116931.21,97,Yes
CUST02820,South,133815.69,74,Yes
CUST02821,South,2593.62,59,Yes
CUST02822,South,28510.87,28,Yes
CUST02823,West,143574.14,13,No
CUST02824,North,84758.41,69,No
CUST02825,South,176868.64,71,Yes
CUST02826,West,80060.97,61,Yes
CUST02827,North,55069.8,96,Yes
CUST02828,East,15442.38,69,No
CUST02829,West,190581.9,79,Yes
CUST02830,South,166745.83,33,Yes
CUST02831,South,158685.76,26,No
CUST02832,East,51469.51,90,Yes
CUST02833,West,38000.79,16,No
CUST02834,South,5491.15,90,Yes
CUST02835,West,164294.71,42,Yes
CUST02836,East,157608.18,3,Yes
CUST02837,South,144510.69,51,No
CUST02838,South,186286.97,3,No
CUST02839,East,55534.28,73,Yes
CUST02840,North,52630.39,21,Yes
CUST02841,North,45691.89,75,Yes
CUST02842,North,98979.16,85,No
CUST02843,East,70844.15,42,No
CUST02844,South,59190.6,97,Yes
CUST02845,East,118592.3,93,Yes
CUST02846,East,156126.8,68,No
CUST02847,South,141083.4,51,Yes
CUST02848,West,100615.6,64,Yes
CUST02849,South,126487.15,97,Yes
CUST02850,East,47375.88,90,No
CUST02851,North,6685.61,37,Yes
CUST02852,East,144402.64,55,Yes
CUST02853,North,69062.51,72,Yes
CUST02854,East,164307.67,86,Yes
CUST02855,West,190327.88,56,Yes
CUST02856,West,149516.45,64,Yes
CUST02857,West,45531.9,92,No
CUST02858,North,183411.98,52,No
CUST02859,East,74850.11,22,Yes
CUST02860,East,24911.69,17,Yes
CUST02861,South,77204.54,80,No
CUST02862,North,104850.6,1,Yes
CUST02863,South,188855.19,5,No
CUST02864,South,179057.64,82,No
CUST02865,East,162276.88,8,Yes
CUST02866,West,199487.16,69,Yes
CUST02867,East,36031.9,50,Yes
CUST02868,South,180902.96,18,No
CUST02869,North,169680.43,80,No
CUST02870,West,161343.63,78,Yes
CUST02871,East,36589.37,89,No
CUST02872,South,95102.99,16,Yes
CUST02873,West,64786.7,17,No
CUST02874,South,192364.62,13,No
CUST02875,North,113606.75,41,No
CUST02876,South,70110.25,86,No
CUST02877,East,178047.8,82,No
CUST02878,West,150383.13,45,Yes
CUST02879,East,65790.65,67,No
CUST02880,South,176673.56,94,Yes
CUST02881,West,26620.69,27,Yes
CUST02882,East,90554.82,16,Yes
CUST02883,South,71799.04,61,No
CUST02884,West,128398.58,49,Yes
CUST02885,West,118769.77,50,Yes
CUST02886,North,15575.88,77,No
CUST02887,South,161779.67,12,No
CUST02888,West,134207.7,41,Yes
CUST02889,South,8633.95,88,No
CUST02890,West,60503.52,30,Yes
CUST02891,East,56207.92,80,No
CUST02892,West,167320.83,37,Yes
CUST02893,North,154184.69,47,No
CUST02894,South,106034.61,36,Yes
CUST02895,South,150113.76,29,Yes
CUST02896,East,54112.96,3,Yes
CUST02897,North,116346.86,15,Yes
CUST02898,West,19637.83,82,No
CUST02899,West,63028.96,40,No
CUST02900,East,15399.09,95,Yes
CUST02901,North,119003.96,15,Yes
CUST02902,West,92923.12,90,No
CUST02903,West,53665.25,77,No
CUST02904,West,150407.26,91,Yes
CUST02905,West,139270.69,83,Yes
CUST02906,North,152644.51,83,Yes
CUST02907,North,19304.92,77,Yes
CUST02908,West,48177.01,54,Yes
CUST02909,North,12014.61,23,Yes
CUST02910,South,184539.25,61,No
CUST02911,East,111257.62,19,Yes
CUST02912,North,22817.62,93,No
CUST02913,West,11902.62,55,Yes
CUST02914,East,186802.1,60,Yes
CUST02915,West,29084.1,72,Yes
CUST02916,North,68972.36,95,Yes
CUST02917,North,183008.67,59,No
CUST02918,East,116387.01,24,Yes
CUST02919,East,33622.41,90,No
CUST02920,South,197957.58,50,Yes
CUST02921,East,35083.41,61,Yes
CUST02922,East,132812.0,76,No
CUST02923,West,26509.43,92,Yes
CUST02924,North,113441.47,46,Yes
CUST02925,West,176461.74,70,Yes
CUST02926,East,3892.29,48,Yes
CUST02927,South,78915.88,60,No
CUST02928,West,196533.21,50,Yes
CUST02929,North,76226.96,57,Yes
CUST02930,West,68411.23,54,No
CUST02931,North,50539.76,48,No
CUST02932,West,46731.46,74,Yes
CUST02933,East,160857.61,35,Yes
CUST02934,South,186595.57,70,Yes
CUST02935,North,175961.66,60,Yes
CUST02936,North,59432.85,23,Yes
CUST02937,South,184919.47,21,Yes
CUST02938,West,110237.57,60,No
CUST02939,North,121112.67,91,No
CUST02940,West,1142.65,70,No
CUST02941,South,136502.53,87,Yes
CUST02942,West,8526.21,24,Yes
CUST02943,South,134437.56,47,Yes
CUST02944,South,22291.26,92,Yes
CUST02945,North,101784.82,27,Yes
CUST02946,West,45394.91,60,Yes
CUST02947,South,92440.95,31,Yes
CUST02948,North,51445.26,97,No
CUST02949,East,15003.25,63,Yes
CUST02950,South,76848.23,39,No
CUST02951,West,111789.73,99,No
CUST02952,North,188874.86,61,Yes
CUST02953,North,79084.04,48,Yes
CUST02954,South,83279.69,4,Yes
CUST02955,North,106117.09,47,Yes
CUST02956,East,121534.15,62,No
CUST02957,South,94745.66,62,Yes
CUST02958,South,146268.65,43,Yes
CUST02959,North,164326.43,51,No
CUST02960,South,7631.32,45,Yes
CUST02961,South,61340.69,7,No
CUST02962,West,59854.81,37,Yes
CUST02963,East,82694.03,77,No
CUST02964,South,176498.75,95,Yes
CUST02965,East,2830.98,44,Yes
CUST02966,North,75555.19,74,Yes
CUST02967,South,196903.95,73,Yes
CUST02968,North,168002.38,7,No
CUST02969,North,178522.8,66,No
CUST02970,South,4074.04,52,Yes
CUST02971,South,78337.83,6,Yes
CUST02972,South,91988.85,17,Yes
CUST02973,West,113274.76,77,No
CUST02974,South,42799.42,18,Yes
CUST02975,South,80630.9,27,No
CUST02976,South,88865.27,35,No
CUST02977,North,141505.56,9,Yes
CUST02978,West,83672.36,35,Yes
CUST02979,South,45008.37,55,No
CUST02980,North,96250.33,65,No
CUST02981,East,26939.98,25,No
CUST02982,South,18427.54,80,No
CUST02983,South,83169.33,67,Yes
CUST02984,East,136265.43,49,Yes
CUST02985,North,136436.04,87,Yes
CUST02986,West,129071.67,97,Yes
CUST02987,East,194418.22,20,Yes
CUST02988,East,63507.85,67,No
CUST02989,South,172834.8,40,Yes
CUST02990,South,164538.49,69,Yes
CUST02991,South,195507.17,79,Yes
CUST02992,East,25255.95,77,Yes
CUST02993,North,72508.46,80,Yes
CUST02994,North,113087.91,54,No
CUST02995,South,33620.13,56,Yes
CUST02996,North,125363.81,74,No
CUST02997,West,56495.51,36,Yes
CUST02998,West,16717.14,38,No
CUST02999,North,106432.0,66,No
CUST03000,North,199948.51,43,Yes
CUST03001,North,175897.35,93,Yes
CUST03002,East,196399.16,93,Yes
CUST03003,West,6205.51,30,Yes
CUST03004,East,187227.31,37,No
CUST03005,North,127772.46,30,Yes
CUST03006,East,8142.66,7,Yes
CUST03007,East,184423.61,41,No
CUST03008,North,142126.96,69,Yes
CUST03009,West,137970.31,8,Yes
CUST03010,East,97079.21,13,No
CUST03011,North,91199.09,54,No
CUST03012,West,28259.46,30,Yes
CUST03013,East,55528.34,2,Yes
CUST03014,South,192262.54,3,Yes
CUST03015,North,91610.42,84,No
CUST03016,South,61395.75,11,Yes
CUST03017,West,184591.91,23,Yes
CUST03018,North,151551.18,2,No
CUST03019,East,8902.53,78,Yes
CUST03020,North,127701.89,35,Yes
CUST03021,West,80906.81,72,Yes
CUST03022,West,123927.66,10,No
CUST03023,South,42033.22,23,No
CUST03024,North,160469.06,29,Yes
CUST03025,South,149283.82,34,No
CUST03026,South,46298.87,72,No
CUST03027,North,12836.55,82,Yes
CUST03028,North,158985.24,89,No
CUST03029,West,20694.76,82,Yes
CUST03030,West,162566.04,27,No
CUST03031,North,195967.13,64,No
CUST03032,West,177684.01,33,Yes
CUST03033,South,141797.04,35,Yes
CUST03034,North,142486.6,83,Yes
CUST03035,South,192093.01,12,No
CUST03036,South,154986.35,51,Yes
CUST03037,North,47662.32,89,Yes
CUST03038,West,172154.63,68,Yes
CUST03039,East,189782.16,21,No
CUST03040,West,3956.37,59,Yes
CUST03041,West,164235.1,84,Yes
CUST03042,West,87682.24,34,No
CUST03043,South,14765.66,63,No
CUST03044,East,50741.84,98,No
CUST03045,South,107042.41,42,Yes
CUST03046,West,63442.65,17,No
CUST03047,North,148021.48,73,No
CUST03048,North,132484.75,97,Yes
CUST03049,East,170225.01,80,No
CUST03050,West,172672.36,80,Yes
CUST03051,South,112640.36,26,Yes
CUST03052,North,181159.04,52,Yes
CUST03053,East,149898.51,63,Yes
CUST03054,North,163429.34,76,Yes
CUST03055,South,10435.71,68,No
CUST03056,North,192497.85,57,Yes
CUST03057,East,148719.74,50,Yes
CUST03058,West,61737.69,43,Yes
CUST03059,North,97062.95,68,Yes
CUST03060,North,146489.49,19,Yes
CUST03061,East,106436.94,18,No
CUST03062,West,136152.51,39,No
CUST03063,East,57376.01,96,Yes
CUST03064,South,53198.68,61,Yes
CUST03065,South,104516.4,76,Yes
CUST03066,East,194210.04,69,No
CUST03067,North,27575.07,59,Yes
CUST03068,North,192799.71,22,Yes
CUST03069,South,175198.88,61,Yes
CUST03070,South,75413.8,5,Yes
CUST03071,North,61441.05,56,No
CUST03072,North,73817.97,59,Yes
CUST03073,East,164936.55,48,Yes
CUST03074,West,141603.41,99,No
CUST03075,South,77606.79,43,No
CUST03076,South,114838.87,19,Yes
CUST03077,North,84705.42,41,No
CUST03078,East,19159.08,54,Yes
CUST03079,North,137422.19,99,No
CUST03080,South,124250.3,28,No
CUST03081,South,97791.93,55,No
CUST03082,South,182035.64,1,Yes
CUST03083,East,146372.42,85,Yes
CUST03084,West,173791.11,64,Yes
CUST03085,North,14729.01,10,Yes
CUST03086,East,30704.33,71,Yes
CUST03087,North,67628.85,10,Yes
CUST03088,North,27901.43,50,Yes
CUST03089,North,42249.22,80,No
CUST03090,North,116897.79,32,Yes
CUST03091,South,14112.54,6,Yes
CUST03092,West,186248.73,37,Yes
CUST03093,West,133150.75,81,Yes
CUST03094,South,12648.78,34,No
CUST03095,North,162354.79,7,No
CUST03096,East,4151.78,12,Yes
CUST03097,East,101803.45,83,Yes
CUST03098,West,59726.66,42,No
CUST03099,South,161056.64,34,Yes
CUST03100,East,179661.37,65,Yes
CUST03101,South,116748.62,59,Yes
CUST03102,West,118277.0,6,Yes
CUST03103,West,63341.93,71,No
CUST03104,North,118494.79,96,Yes
CUST03105,East,140844.92,69,Yes
CUST03106,North,10781.37,99,No
CUST03107,East,135791.03,24,No
CUST03108,East,91199.07,15,No
CUST03109,South,44011.03,3,No
CUST03110,East,159762.67,28,No
CUST03111,South,3123.36,36,Yes
CUST03112,East,172111.04,40,Yes
CUST03113,East,26875.22,8,No
CUST03114,North,18034.31,31,Yes
CUST03115,North,180399.62,31,No
CUST03116,West,3775.85,39,Yes
CUST03117,South,96545.12,71,Yes
CUST03118,South,163282.07,75,Yes
CUST03119,South,118198.27,73,Yes
CUST03120,West,33545.59,56,Yes
CUST03121,West,80219.35,97,Yes
CUST03122,East,45926.85,7,No
CUST03123,South,66546.24,11,Yes
CUST03124,West,180756.92,42,Yes
CUST03125,West,102568.15,74,Yes
CUST03126,North,157122.77,88,Yes
CUST03127,West,154493.31,12,No
CUST03128,East,191270.44,54,Yes
CUST03129,North,165877.52,9,Yes
CUST03130,North,48812.25,5,Yes
CUST03131,West,41026.17,38,No
CUST03132,West,151902.22,67,Yes
CUST03133,North,197198.61,26,Yes
CUST03134,South,121415.22,87,Yes
CUST03135,North,16653.75,58,No
CUST03136,West,99501.58,89,No
CUST03137,South,42008.68,37,Yes
CUST03138,West,165236.37,80,No
CUST03139,North,112165.85,40,Yes
CUST03140,West,149129.27,70,Yes
CUST03141,East,26215.83,42,No
CUST03142,North,93028.91,72,Yes
CUST03143,North,67732.31,85,No
CUST03144,West,164493.96,44,Yes
CUST03145,West,6308.68,90,No
CUST03146,East,150844.25,47,No
CUST03147,South,174525.03,34,Yes
CUST03148,South,166176.5,43,No
CUST03149,East,98451.1,81,Yes
CUST03150,South,64133.79,41,Yes
CUST03151,South,11285.45,89,No
CUST03152,North,168817.29,16,Yes
CUST03153,North,91220.75,85,No
CUST03154,West,130509.74,41,No
CUST03155,East,124050.92,86,Yes
CUST03156,West,95735.7,95,Yes
CUST03157,North,148965.31,99,Yes
CUST03158,West,59458.61,11,Yes
CUST03159,East,115524.7,72,Yes
CUST03160,East,65471.88,88,No
CUST03161,North,170655.21,94,Yes
CUST03162,North,134494.51,92,Yes
CUST03163,West,119414.22,51,No
CUST03164,South,153574.34,24,No
CUST03165,East,143416.87,9,Yes
CUST03166,North,115954.63,40,Yes
CUST03167,South,171816.3,63,Yes
CUST03168,South,64083.19,45,No
CUST03169,West,71916.96,29,Yes
CUST03170,East,1740.21,53,Yes
CUST03171,East,1315.34,59,Yes
CUST03172,East,196149.0,47,No
CUST03173,East,152493.82,90,Yes
CUST03174,North,155306.49,80,No
CUST03175,South,76276.5,84,Yes
CUST03176,East,46384.3,70,Yes
CUST03177,West,62544.35,51,No
CUST03178,East,1314.3,80,Yes
CUST03179,North,40617.38,11,Yes
CUST03180,West,53982.89,32,No
CUST03181,East,50102.74,3,Yes
CUST03182,East,145813.57,84,Yes
CUST03183,South,54741.63,45,No
CUST03184,East,83827.19,61,Yes
CUST03185,North,53004.35,14,No
CUST03186,East,24377.7,80,Yes
CUST03187,West,179398.1,49,No
CUST03188,West,88867.91,73,No
CUST03189,North,148050.22,58,Yes
CUST03190,West,191406.12,8,No
CUST03191,East,137435.01,40,Yes
CUST03192,South,160904.81,59,No
CUST03193,East,21116.63,27,Yes
CUST03194,West,192846.77,55,Yes
CUST03195,East,57105.44,12,Yes
CUST03196,South,181655.36,59,No
CUST03197,South,17954.9,97,No
CUST03198,East,31973.95,29,Yes
CUST03199,North,50338.56,9,Yes
CUST03200,East,63983.85,91,No
CUST03201,North,19205.11,78,No
CUST03202,West,18198.5,61,Yes
CUST03203,East,94261.68,93,No
CUST03204,South,58222.46,34,No
CUST03205,South,111567.81,7,Yes
CUST03206,East,173955.2,51,Yes
CUST03207,East,56846.48,74,No
CUST03208,North,138479.85,6,Yes
CUST03209,South,119640.35,22,No
CUST03210,East,184663.09,51,No
CUST03211,West,142807.68,42,Yes
CUST03212,South,30554.97,57,Yes
CUST03213,East,53437.92,15,No
CUST03214,North,91012.37,62,No
CUST03215,East,132610.72,71,Yes
CUST03216,East,5478.36,73,Yes
CUST03217,South,78943.44,21,Yes
CUST03218,East,182001.53,35,Yes
CUST03219,East,157682.42,57,Yes
CUST03220,West,36151.96,14,No
CUST03221,West,94681.72,76,No
CUST03222,West,163574.58,30,No
CUST03223,North,119371.71,36,Yes
CUST03224,South,160806.06,46,No
CUST03225,South,23988.06,15,No
CUST03226,North,72136.46,49,Yes
CUST03227,West,81718.26,80,Yes
CUST03228,East,119147.45,27,Yes
CUST03229,North,133166.4,52,No
CUST03230,South,131573.07,52,Yes
CUST03231,North,108864.64,42,Yes
CUST03232,South,63601.73,92,Yes
CUST03233,North,78165.1,4,Yes
CUST03234,East,56861.24,21,Yes
CUST03235,North,66431.56,69,Yes
CUST03236,East,43945.05,82,No
CUST03237,South,177118.05,95,Yes
CUST03238,East,94594.49,23,No
CUST03239,South,159710.95,15,No
CUST03240,East,169623.66,3,No
CUST03241,South,120676.01,45,No
CUST03242,South,109025.43,37,Yes
CUST03243,North,73994.37,65,No
CUST03244,West,84254.24,31,No
CUST03245,East,164830.46,72,Yes
CUST03246,West,82196.0,15,Yes
CUST03247,West,98119.61,74,No
CUST03248,South,84208.19,53,Yes
CUST03249,South,114755.69,19,Yes
CUST03250,South,190125.57,12,No
CUST03251,East,102784.73,46,Yes
CUST03252,South,199206.54,92,Yes
CUST03253,North,169835.13,52,No
CUST03254,West,160152.79,89,No
CUST03255,East,57408.77,19,Yes
CUST03256,South,48776.86,93,Yes
CUST03257,East,82440.67,35,No
CUST03258,North,160272.47,10,Yes
CUST03259,North,177534.2,90,No
CUST03260,North,85575.48,4,Yes
CUST03261,South,107702.26,98,Yes
CUST03262,East,185514.09,1,No
CUST03263,South,43533.6,11,No
CUST03264,North,192184.89,44,Yes
CUST03265,North,74921.2,4,Yes
CUST03266,East,41503.57,16,No
CUST03267,South,97541.25,83,Yes
CUST03268,South,8086.82,8,No
CUST03269,North,3602.23,29,Yes
CUST03270,North,51192.4,46,Yes
CUST03271,South,44994.7,47,Yes
CUST03272,East,43621.07,7,Yes
CUST03273,South,100441.43,19,No
CUST03274,South,107211.36,87,Yes
CUST03275,West,161823.25,11,No
CUST03276,West,79537.36,50,Yes
CUST03277,West,63815.07,86,Yes
CUST03278,West,121634.25,97,Yes
CUST03279,North,131998.47,12,Yes
CUST03280,North,59338.03,86,Yes
CUST03281,South,192611.23,72,Yes
CUST03282,East,115106.92,92,Yes
CUST03283,West,125873.72,57,Yes
CUST03284,South,149893.22,77,No
CUST03285,East,101140.62,94,Yes
CUST03286,East,127902.87,60,No
CUST03287,South,166753.4,99,No
CUST03288,South,169199.89,33,Yes
CUST03289,North,52441.61,89,No
CUST03290,West,136862.73,2,Yes
CUST03291,South,78317.7,76,No
CUST03292,East,125054.69,49,Yes
CUST03293,West,71837.71,60,Yes
CUST03294,East,31439.41,74,Yes
CUST03295,West,91379.33,72,Yes
CUST03296,West,96653.35,2,Yes
CUST03297,South,18875.32,85,Yes
CUST03298,East,32903.77,46,Yes
CUST03299,East,11732.58,76,Yes
CUST03300,South,30760.31,67,Yes
CUST03301,East,186381.43,83,Yes
CUST03302,South,40100.05,81,Yes
CUST03303,East,191609.23,74,Yes
CUST03304,East,77625.09,63,Yes
CUST03305,West,98883.32,47,Yes
CUST03306,East,161396.33,31,No
CUST03307,East,33714.14,22,Yes
CUST03308,West,6233.25,85,Yes
CUST03309,East,34860.38,85,No
CUST03310,West,98598.85,86,Yes
CUST03311,North,189598.83,53,Yes
CUST03312,West,23101.6,46,No
CUST03313,West,68455.02,94,No
CUST03314,North,62463.32,29,Yes
CUST03315,East,94879.51,35,Yes
CUST03316,South,23603.88,58,No
CUST03317,North,12499.85,96,Yes
CUST03318,West,65374.06,66,Yes
CUST03319,South,97238.19,58,Yes
CUST03320,West,152959.44,6,Yes
CUST03321,West,198411.18,72,No
CUST03322,South,83554.67,5,Yes
CUST03323,East,31913.32,80,Yes
CUST03324,West,80988.43,27,Yes
CUST03325,North,124437.44,33,No
CUST03326,West,117650.29,36,Yes
CUST03327,North,92460.31,39,Yes
CUST03328,North,198567.99,88,Yes
CUST03329,North,175827.62,74,Yes
CUST03330,North,77698.8,61,Yes
CUST03331,East,53160.48,51,Yes
CUST03332,East,144362.8,62,No
CUST03333,North,133660.58,64,Yes
CUST03334,East,117260.73,30,No
CUST03335,West,71108.17,13,No
CUST03336,North,49143.62,25,Yes
CUST03337,West,26107.75,5,No
CUST03338,East,131782.33,32,Yes
CUST03339,South,184102.65,86,Yes
CUST03340,North,29689.4,88,Yes
CUST03341,North,25744.72,37,Yes
CUST03342,North,115284.41,94,Yes
CUST03343,South,163603.32,46,Yes
CUST03344,West,3538.54,14,No
CUST03345,West,40964.92,28,Yes
CUST03346,East,70697.09,35,No
CUST03347,South,45627.42,5,No
CUST03348,East,112474.21,75,Yes
CUST03349,North,67268.52,95,Yes
CUST03350,West,163665.08,89,Yes
CUST03351,North,64610.76,16,Yes
CUST03352,South,2447.29,6,No
CUST03353,South,62883.63,56,Yes
CUST03354,North,79700.53,91,No
CUST03355,East,99275.56,9,Yes
CUST03356,South,11324.53,33,Yes
CUST03357,East,188728.1,57,Yes
CUST03358,West,68366.8,4,No
CUST03359,North,121737.2,78,Yes
CUST03360,North,126115.56,41,Yes
CUST03361,East,86196.55,55,No
CUST03362,South,174620.1,95,Yes
CUST03363,South,194961.0,12,Yes
CUST03364,East,114599.75,89,Yes
CUST03365,North,123427.76,16,Yes
CUST03366,East,144576.35,87,Yes
CUST03367,East,169633.82,60,Yes
CUST03368,East,84754.57,98,Yes
CUST03369,South,42003.66,50,Yes
CUST03370,West,18513.2,61,No
CUST03371,West,73924.93,79,No
CUST03372,South,23794.51,46,No
CUST03373,South,61387.19,55,Yes
CUST03374,West,165250.22,13,Yes
CUST03375,North,115814.87,80,Yes
CUST03376,West,34855.94,98,Yes
CUST03377,South,68501.48,68,Yes
CUST03378,North,112834.29,64,Yes
CUST03379,East,170781.42,15,Yes
CUST03380,East,90656.77,53,Yes
CUST03381,West,132643.34,85,Yes
CUST03382,East,38169.38,22,Yes
CUST03383,West,24172.66,93,Yes
CUST03384,West,79401.59,93,Yes
CUST03385,West,111310.2,86,No
CUST03386,West,75132.96,45,No
CUST03387,East,130090.31,80,Yes
CUST03388,South,122768.91,12,No
CUST03389,West,75832.32,44,No
CUST03390,West,103003.94,35,Yes
CUST03391,South,41539.76,4,Yes
CUST03392,East,59917.04,76,No
CUST03393,South,158363.84,40,Yes
CUST03394,West,186456.88,37,Yes
CUST03395,South,50908.87,79,Yes
CUST03396,West,68774.61,20,Yes
CUST03397,East,24552.47,33,Yes
CUST03398,West,74024.61,57,No
CUST03399,North,182977.07,27,No
CUST03400,North,123746.56,94,Yes
CUST03401,East,132129.62,51,No
CUST03402,West,23458.77,68,Yes
CUST03403,South,104010.15,57,Yes
CUST03404,South,161785.17,62,No
CUST03405,South,85685.62,50,Yes
CUST03406,South,49602.51,19,No
CUST03407,North,91399.87,50,Yes
CUST03408,West,169377.72,13,Yes
CUST03409,South,196944.23,30,Yes
CUST03410,West,195238.05,66,Yes
CUST03411,East,133095.88,54,Yes
CUST03412,South,114692.68,26,Yes
CUST03413,West,164002.36,55,Yes
CUST03414,East,168113.18,40,Yes
CUST03415,East,190168.2,18,No
CUST03416,West,142514.77,46,Yes
CUST03417,North,184577.28,53,No
CUST03418,West,148624.71,80,Yes
CUST03419,West,93402.02,66,Yes
CUST03420,East,186142.96,9,No
CUST03421,West,53980.47,29,Yes
CUST03422,East,103912.92,64,No
CUST03423,South,143971.01,12,No
CUST03424,West,144799.73,13,Yes
CUST03425,West,94499.24,99,No
CUST03426,North,66541.35,5,Yes
CUST03427,West,170949.25,60,Yes
CUST03428,West,122819.57,18,Yes
CUST03429,East,120680.73,85,No
CUST03430,East,58498.47,23,Yes
CUST03431,North,154542.72,70,No
CUST03432,West,65538.42,42,Yes
CUST03433,South,70833.5,24,Yes
CUST03434,East,162434.88,69,Yes
CUST03435,North,53856.28,50,Yes
CUST03436,West,108465.81,67,Yes
CUST03437,South,125153.9,88,Yes
CUST03438,West,197212.32,8,Yes
CUST03439,East,50865.73,94,Yes
CUST03440,South,176169.35,32,Yes
CUST03441,West,192390.73,10,Yes
CUST03442,South,138163.07,55,No
CUST03443,North,49678.64,5,No
CUST03444,East,136170.15,10,No
CUST03445,South,110892.23,26,Yes
CUST03446,North,158866.32,27,Yes
CUST03447,West,81577.25,69,Yes
CUST03448,South,34883.56,3,Yes
CUST03449,South,102124.59,2,Yes
CUST03450,South,109150.5,34,Yes
CUST03451,South,99719.02,45,Yes
CUST03452,West,131566.12,47,Yes
CUST03453,South,132238.52,37,Yes
CUST03454,South,22537.1,78,No
CUST03455,East,74343.93,60,Yes
CUST03456,West,56122.57,72,Yes
CUST03457,East,57839.69,7,Yes
CUST03458,South,7028.35,62,Yes
CUST03459,West,55509.06,3,Yes
CUST03460,South,118472.32,48,Yes
CUST03461,West,2148.36,65,Yes
CUST03462,North,34292.97,26,No
CUST03463,West,140717.34,62,No
CUST03464,East,46150.3,41,No
CUST03465,East,163027.54,47,Yes
CUST03466,North,111364.78,10,No
CUST03467,South,167606.61,27,No
CUST03468,East,108016.73,48,No
CUST03469,East,114541.72,95,No
CUST03470,East,26085.03,78,No
CUST03471,North,16140.86,67,No
CUST03472,West,158589.4,76,Yes
CUST03473,South,111418.52,33,Yes
CUST03474,West,81071.74,32,Yes
CUST03475,West,64312.28,35,No
CUST03476,East,169464.31,44,Yes
CUST03477,West,118264.2,33,Yes
CUST03478,West,164724.56,19,Yes
CUST03479,West,104644.92,12,Yes
CUST03480,North,24947.75,3,Yes
CUST03481,West,185658.91,48,Yes
CUST03482,West,159705.96,40,Yes
CUST03483,East,21005.54,27,No
CUST03484,West,67612.33,13,No
CUST03485,North,103186.09,28,Yes
CUST03486,North,183062.34,60,Yes
CUST03487,West,54451.23,14,Yes
CUST03488,East,9424.56,23,Yes
CUST03489,North,61526.9,47,No
CUST03490,East,151723.04,38,Yes
CUST03491,West,155196.82,87,No
CUST03492,East,87496.81,10,Yes
CUST03493,South,162333.41,83,Yes
CUST03494,West,56746.69,64,Yes
CUST03495,North,44704.19,72,Yes
CUST03496,East,133077.19,55,Yes
CUST03497,East,162292.78,4,Yes
CUST03498,South,108696.42,36,Yes
CUST03499,North,84175.94,38,No
CUST03500,East,163348.28,48,No
CUST03501,South,146727.85,78,Yes
CUST03502,West,94004.1,13,Yes
CUST03503,East,108126.95,21,Yes
CUST03504,North,134029.24,69,No
CUST03505,West,160481.95,48,Yes
CUST03506,West,6250.34,33,Yes
CUST03507,West,169460.36,72,Yes
CUST03508,North,36720.55,26,Yes
CUST03509,South,176253.02,7,Yes
CUST03510,East,53708.39,38,No
CUST03511,South,111446.13,42,Yes
CUST03512,East,20886.44,56,No
CUST03513,South,189559.24,45,No
CUST03514,East,42722.52,86,Yes
CUST03515,East,197847.93,3,Yes
CUST03516,East,188517.89,70,No
CUST03517,West,36471.78,38,No
CUST03518,South,139439.85,33,Yes
CUST03519,South,143578.78,57,Yes
CUST03520,South,144697.39,60,No
CUST03521,West,62809.59,43,No
CUST03522,West,108759.75,89,Yes
CUST03523,East,77198.96,48,No
CUST03524,North,150728.09,1,Yes
CUST03525,West,79850.87,51,Yes
CUST03526,North,70199.83,55,Yes
CUST03527,West,16570.18,58,Yes
CUST03528,North,117593.62,22,No
CUST03529,West,137666.79,27,Yes
CUST03530,South,109789.22,85,Yes
CUST03531,West,57685.68,83,No
CUST03532,East,161997.51,53,No
CUST03533,North,116691.94,48,Yes
CUST03534,West,172712.98,77,No
CUST03535,West,99112.79,12,No
CUST03536,South,82480.14,82,Yes
CUST03537,East,6865.79,27,No
CUST03538,West,143300.2,71,Yes
CUST03539,North,175443.03,72,No
CUST03540,East,133295.21,71,Yes
CUST03541,North,116427.66,95,Yes
CUST03542,North,145668.99,86,Yes
CUST03543,South,153084.6,54,Yes
CUST03544,North,98178.65,48,Yes
CUST03545,East,36890.84,3,Yes
CUST03546,South,60882.9,10,Yes
CUST03547,North,20105.38,21,Yes
CUST03548,North,119729.48,76,Yes
CUST03549,South,134523.97,49,Yes
CUST03550,East,94092.68,93,Yes
CUST03551,East,154256.13,94,Yes
CUST03552,West,103974.74,5,Yes
CUST03553,West,123602.37,32,Yes
CUST03554,West,189866.84,85,No
CUST03555,South,125101.94,58,Yes
CUST03556,West,55392.45,60,Yes
CUST03557,West,140527.09,75,No
CUST03558,North,53350.87,86,No
CUST03559,East,46735.38,54,No
CUST03560,West,35065.76,34,No
CUST03561,East,14832.25,84,Yes
CUST03562,East,120662.05,32,No
CUST03563,West,65315.62,52,No
CUST03564,West,177624.93,86,Yes
CUST03565,West,38597.03,60,Yes
CUST03566,North,134967.64,31,No
CUST03567,West,132966.42,31,Yes
CUST03568,West,132696.35,36,No
CUST03569,South,97916.19,4,Yes
CUST03570,West,143397.0,45,No
CUST03571,South,102921.82,23,Yes
CUST03572,East,145293.53,48,No
CUST03573,West,42190.27,80,Yes
CUST03574,East,79874.88,65,Yes
CUST03575,South,22085.23,47,No
CUST03576,South,32879.09,73,No
CUST03577,South,179950.81,87,Yes
CUST03578,West,1537.54,16,Yes
CUST03579,West,127895.15,20,Yes
CUST03580,East,70347.12,6,No
CUST03581,South,114797.82,49,Yes
CUST03582,North,86110.67,39,Yes
CUST03583,East,123506.78,82,No
CUST03584,East,196102.46,81,Yes
CUST03585,West,93271.49,7,Yes
CUST03586,South,8842.5,67,Yes
CUST03587,West,109361.73,77,Yes
CUST03588,North,61639.84,81,Yes
CUST03589,West,38614.44,10,Yes
CUST03590,East,55941.13,62,Yes
CUST03591,North,98638.85,47,No
CUST03592,West,134677.22,53,Yes
CUST03593,West,93437.94,44,Yes
CUST03594,West,197786.27,57,No
CUST03595,West,192824.8,52,Yes
CUST03596,South,169097.12,48,Yes
CUST03597,West,121219.01,78,No
CUST03598,South,7724.04,67,Yes
CUST03599,North,42866.92,71,Yes
CUST03600,East,94343.01,82,Yes
CUST03601,North,79403.51,86,Yes
CUST03602,East,165553.81,19,Yes
CUST03603,South,189306.63,18,Yes
CUST03604,East,186576.08,5,No
CUST03605,West,22277.05,94,Yes
CUST03606,North,157472.29,58,No
CUST03607,North,15382.07,31,Yes
CUST03608,North,132585.44,91,Yes
CUST03609,South,124545.69,90,No
CUST03610,East,98427.93,15,Yes
CUST03611,South,21376.5,2,Yes
CUST03612,South,137787.1,22,No
CUST03613,South,32383.02,30,Yes
CUST03614,West,45003.53,85,Yes
CUST03615,East,68106.76,43,Yes
CUST03616,West,188813.99,60,Yes
CUST03617,South,81906.99,22,No
CUST03618,East,132300.74,66,Yes
CUST03619,South,148059.42,81,No
CUST03620,East,31505.94,30,Yes
CUST03621,West,69279.99,13,No
CUST03622,East,104479.63,24,Yes
CUST03623,West,9737.02,61,Yes
CUST03624,West,165737.89,4,Yes
CUST03625,North,41868.27,8,No
CUST03626,North,50007.88,28,Yes
CUST03627,South,194412.99,34,No
CUST03628,North,137891.83,38,Yes
CUST03629,North,184365.29,21,Yes
CUST03630,West,94713.24,13,Yes
CUST03631,West,112965.56,19,Yes
CUST03632,East,174568.7,68,Yes
CUST03633,West,32489.91,66,Yes
CUST03634,South,133296.74,87,Yes
CUST03635,South,160361.09,38,Yes
CUST03636,West,88117.68,50,No
CUST03637,East,39438.39,40,Yes
CUST03638,East,27300.19,6,Yes
CUST03639,West,83853.55,35,Yes
CUST03640,East,118377.04,53,Yes
CUST03641,South,102748.31,76,Yes
CUST03642,North,45752.47,24,Yes
CUST03643,South,189044.54,39,Yes
CUST03644,North,163634.59,21,Yes
CUST03645,North,174208.79,3,Yes
CUST03646,East,61783.4,78,Yes
CUST03647,South,82986.8,33,No
CUST03648,South,156747.66,83,Yes
CUST03649,North,137455.74,26,Yes
CUST03650,East,85574.05,2,No
CUST03651,East,14681.44,71,Yes
CUST03652,North,65815.76,13,Yes
CUST03653,West,63292.05,20,Yes
CUST03654,West,192507.68,90,Yes
CUST03655,North,60310.46,3,Yes
CUST03656,South,55683.26,35,Yes
CUST03657,West,79277.21,50,No
CUST03658,North,42176.32,51,Yes
CUST03659,South,148957.0,1,No
CUST03660,South,156365.81,52,No
CUST03661,East,182412.02,14,Yes
CUST03662,East,1523.8,10,Yes
CUST03663,South,29039.88,86,No
CUST03664,North,52293.29,58,Yes
CUST03665,West,100271.35,85,No
CUST03666,South,15642.68,25,No
CUST03667,East,154247.72,29,Yes
CUST03668,East,156034.44,72,Yes
CUST03669,West,193269.43,88,Yes
CUST03670,North,115480.64,16,Yes
CUST03671,South,28537.33,3,No
CUST03672,East,63401.45,6,Yes
CUST03673,North,145590.57,43,Yes
CUST03674,West,63043.75,72,Yes
CUST03675,North,92034.87,95,No
CUST03676,West,53808.58,42,Yes
CUST03677,North,134393.61,77,No
CUST03678,East,168441.87,4,Yes
CUST03679,South,156135.71,67,Yes
CUST03680,West,54628.52,74,Yes
CUST03681,West,14908.47,9,Yes
CUST03682,West,185127.66,9,No
CUST03683,West,189547.97,66,Yes
CUST03684,North,164278.79,96,No
CUST03685,North,197219.56,99,Yes
CUST03686,East,164704.62,34,Yes
CUST03687,East,84854.01,19,Yes
CUST03688,North,103366.37,14,No
CUST03689,East,80422.75,81,No
CUST03690,East,9208.81,20,No
CUST03691,East,108929.43,20,No
CUST03692,West,129775.14,72,Yes
CUST03693,South,4982.33,9,No
CUST03694,East,117330.72,32,Yes
CUST03695,North,103292.13,38,No
CUST03696,South,186873.26,5,Yes
CUST03697,North,186139.88,78,No
CUST03698,North,194325.36,78,Yes
CUST03699,West,86408.93,99,No
CUST03700,North,125417.1,68,Yes
CUST03701,East,52650.9,14,Yes
CUST03702,West,17557.16,37,No
CUST03703,East,119610.0,67,Yes
CUST03704,South,55662.81,79,Yes
CUST03705,South,150503.35,16,No
CUST03706,North,196017.24,51,Yes
CUST03707,West,107788.03,16,Yes
CUST03708,North,3412.83,79,No
CUST03709,East,33350.85,22,Yes
CUST03710,West,3975.04,65,No
CUST03711,North,72343.02,64,No
CUST03712,East,171938.29,58,Yes
CUST03713,South,164846.15,63,Yes
CUST03714,East,81955.05,81,Yes
CUST03715,West,124971.6,57,Yes
CUST03716,North,129544.35,86,Yes
CUST03717,North,147444.5,46,No
CUST03718,West,96795.16,14,Yes
CUST03719,West,67858.09,70,Yes
CUST03720,East,73932.22,6,No
CUST03721,East,138901.39,37,Yes
CUST03722,West,40299.77,77,Yes
CUST03723,North,153921.13,58,Yes
CUST03724,West,53409.36,32,Yes
CUST03725,East,53063.34,87,Yes
CUST03726,South,75076.81,33,No
CUST03727,North,115340.33,34,Yes
CUST03728,West,192913.46,48,Yes
CUST03729,West,135004.9,90,Yes
CUST03730,North,36897.11,48,Yes
CUST03731,East,143692.54,78,No
CUST03732,North,160547.74,82,No
CUST03733,South,20948.03,58,Yes
CUST03734,South,44828.53,77,No
CUST03735,North,83447.35,78,Yes
CUST03736,West,112118.51,57,Yes
CUST03737,West,192733.37,57,Yes
CUST03738,North,34534.41,84,Yes
CUST03739,North,4649.34,80,Yes
CUST03740,East,121675.55,58,No
CUST03741,North,25381.31,17,Yes
CUST03742,West,181628.71,48,Yes
CUST03743,East,174111.28,40,Yes
CUST03744,West,127751.46,91,Yes
CUST03745,East,89558.72,1,No
CUST03746,East,178798.35,33,Yes
CUST03747,West,46262.2,23,No
CUST03748,East,77841.14,90,Yes
CUST03749,South,135748.37,39,No
CUST03750,North,135743.15,12,Yes
CUST03751,West,3423.79,13,Yes
CUST03752,East,51446.7,53,Yes
CUST03753,North,182820.25,50,Yes
CUST03754,South,102973.28,26,Yes
CUST03755,East,71364.64,92,Yes
CUST03756,North,64375.42,74,No
CUST03757,South,133714.17,52,No
CUST03758,North,157546.72,27,Yes
CUST03759,East,110445.82,38,Yes
CUST03760,West,147783.02,66,No
CUST03761,East,28041.34,75,Yes
CUST03762,South,166488.06,15,Yes
CUST03763,North,89207.43,20,Yes
CUST03764,East,78565.29,86,No
CUST03765,East,127216.28,68,Yes
CUST03766,South,133361.44,54,No
CUST03767,East,174209.69,48,Yes
CUST03768,South,96364.04,47,Yes
CUST03769,North,163348.35,35,Yes
CUST03770,West,94750.96,29,No
CUST03771,North,167169.69,14,No
CUST03772,North,189394.88,61,Yes
CUST03773,West,75354.52,36,Yes
CUST03774,West,182974.49,27,Yes
CUST03775,East,173274.5,73,No
CUST03776,South,74335.01,68,No
CUST03777,East,177328.72,4,Yes
CUST03778,West,98488.86,34,Yes
CUST03779,North,3801.85,56,Yes
CUST03780,North,21060.63,94,Yes
CUST03781,North,150098.03,8,Yes
CUST03782,South,3400.44,16,No
CUST03783,East,178666.39,91,Yes
CUST03784,North,54779.53,27,No
CUST03785,West,179126.14,97,No
CUST03786,North,42413.89,69,Yes
CUST03787,West,112979.6,8,Yes
CUST03788,East,198651.99,65,Yes
CUST03789,West,112068.7,72,Yes
CUST03790,West,24203.99,35,Yes
CUST03791,North,128906.46,80,No
CUST03792,East,140209.35,55,Yes
CUST03793,East,105461.88,34,Yes
CUST03794,South,38357.89,54,Yes
CUST03795,West,64026.71,89,No
CUST03796,West,25171.49,50,Yes
CUST03797,South,30478.65,13,Yes
CUST03798,East,175597.53,20,Yes
CUST03799,South,178916.87,19,No
CUST03800,South,39242.37,6,Yes
CUST03801,West,196606.04,55,Yes
CUST03802,North,126972.75,7,Yes
CUST03803,North,195720.4,80,Yes
CUST03804,East,131503.46,15,No
CUST03805,East,83807.59,6,No
CUST03806,South,83933.06,62,Yes
CUST03807,North,45034.04,52,Yes
CUST03808,West,97874.61,27,No
CUST03809,North,77182.02,74,Yes
CUST03810,South,61215.84,81,Yes
CUST03811,East,121765.1,72,No
CUST03812,North,68213.44,54,Yes
CUST03813,South,68879.44,23,Yes
CUST03814,East,64604.01,33,Yes
CUST03815,West,111654.43,94,No
CUST03816,North,98931.21,78,Yes
CUST03817,North,134121.79,70,No
CUST03818,West,191666.44,92,Yes
CUST03819,North,50625.78,39,Yes
CUST03820,North,4027.41,13,Yes
CUST03821,South,167628.7,56,Yes
CUST03822,West,136684.77,71,Yes
CUST03823,West,22404.72,41,Yes
CUST03824,North,3879.66,30,No
CUST03825,East,136051.24,31,Yes
CUST03826,East,7339.5,54,No
CUST03827,West,173688.63,13,Yes
CUST03828,North,156183.92,60,No
CUST03829,South,171094.48,52,Yes
CUST03830,North,177849.95,15,Yes
CUST03831,South,99424.96,88,No
CUST03832,North,83993.99,16,Yes
CUST03833,South,27093.12,99,Yes
CUST03834,East,123606.05,12,Yes
CUST03835,North,104242.85,49,Yes
CUST03836,South,69567.82,64,No
CUST03837,South,92905.05,73,Yes
CUST03838,North,49241.34,79,No
CUST03839,South,108885.36,71,Yes
CUST03840,South,125702.09,40,Yes
CUST03841,South,82773.39,74,Yes
CUST03842,East,75816.02,39,Yes
CUST03843,East,169977.32,36,Yes
CUST03844,West,85148.36,13,Yes
CUST03845,East,60943.92,8,Yes
CUST03846,North,92723.23,53,No
CUST03847,East,133770.88,23,Yes
CUST03848,South,104732.28,99,Yes
CUST03849,East,170371.05,69,No
CUST03850,North,144857.3,80,Yes
CUST03851,South,6663.02,85,Yes
CUST03852,South,170390.27,47,Yes
CUST03853,West,114507.08,77,No
CUST03854,East,140342.72,84,Yes
CUST03855,East,19157.72,23,Yes
CUST03856,South,48419.27,93,Yes
CUST03857,North,4672.83,29,Yes
CUST03858,West,134750.78,50,Yes
CUST03859,South,53088.82,52,Yes
CUST03860,North,118237.55,47,Yes
CUST03861,East,160116.15,45,Yes
CUST03862,South,70062.36,65,Yes
CUST03863,East,73626.48,29,Yes
CUST03864,West,67945.7,19,Yes
CUST03865,South,193430.02,84,No
CUST03866,West,20746.55,41,Yes
CUST03867,East,140106.46,97,No
CUST03868,South,158808.62,98,No
CUST03869,South,3341.25,56,No
CUST03870,South,37668.75,81,No
CUST03871,East,136341.83,97,No
CUST03872,North,185315.43,20,Yes
CUST03873,West,94745.49,90,Yes
CUST03874,East,90816.01,92,Yes
CUST03875,South,156039.69,58,Yes
CUST03876,West,184523.94,26,Yes
CUST03877,West,10664.76,21,Yes
CUST03878,South,86653.96,58,Yes
CUST03879,West,185180.34,84,No
CUST03880,East,198294.91,72,Yes
CUST03881,North,20632.82,30,No
CUST03882,West,12808.31,31,Yes
CUST03883,South,64002.67,12,Yes
CUST03884,West,164361.02,36,Yes
CUST03885,South,31717.99,7,No
CUST03886,North,161410.35,67,Yes
CUST03887,South,16448.75,61,No
CUST03888,South,181698.94,44,Yes
CUST03889,South,129418.6,12,Yes
CUST03890,North,182627.5,48,Yes
CUST03891,North,142145.13,24,Yes
CUST03892,North,45475.37,33,Yes
CUST03893,North,111015.52,49,Yes
CUST03894,North,85073.27,60,Yes
CUST03895,North,83399.5,32,Yes
CUST03896,North,110597.91,18,No
CUST03897,North,116412.43,24,Yes
CUST03898,South,8549.72,25,Yes
CUST03899,East,83992.7,84,Yes
CUST03900,West,81086.58,58,Yes
CUST03901,West,29270.26,36,No
CUST03902,South,87486.92,88,Yes
CUST03903,South,2598.34,31,Yes
CUST03904,North,116087.49,55,Yes
CUST03905,West,153265.48,25,Yes
CUST03906,West,15397.35,26,No
CUST03907,East,32185.15,7,No
CUST03908,East,177662.95,35,No
CUST03909,East,1426.04,38,Yes
CUST03910,West,69888.84,38,No
CUST03911,North,25776.55,97,Yes
CUST03912,West,37401.88,3,Yes
CUST03913,South,126966.89,66,Yes
CUST03914,West,162989.33,12,Yes
CUST03915,North,171162.64,10,Yes
CUST03916,West,172554.73,21,Yes
CUST03917,East,165217.77,85,No
CUST03918,East,173796.47,96,Yes
CUST03919,West,99930.95,18,Yes
CUST03920,East,189846.49,98,No
CUST03921,North,101561.07,24,Yes
CUST03922,East,125609.71,97,No
CUST03923,North,122128.16,59,Yes
CUST03924,East,79685.6,82,Yes
CUST03925,North,118527.34,82,Yes
CUST03926,South,173133.8,20,No
CUST03927,East,15412.04,68,No
CUST03928,East,165308.62,2,Yes
CUST03929,North,32297.43,36,Yes
CUST03930,South,38294.85,38,Yes
CUST03931,East,149401.92,53,No
CUST03932,East,168249.47,59,No
CUST03933,West,21611.74,5,Yes
CUST03934,North,177999.9,80,Yes
CUST03935,North,94915.54,34,No
CUST03936,South,146958.59,59,Yes
CUST03937,West,91733.29,39,No
CUST03938,West,186280.75,59,No
CUST03939,North,194598.46,8,Yes
CUST03940,West,51826.67,89,No
CUST03941,North,95720.36,25,Yes
CUST03942,South,120436.21,51,No
CUST03943,South,180677.3,94,Yes
CUST03944,North,54632.61,54,Yes
CUST03945,South,5027.01,9,Yes
CUST03946,West,92733.44,73,Yes
CUST03947,East,104522.33,3,Yes
CUST03948,North,85367.28,33,Yes
CUST03949,East,11365.49,78,Yes
CUST03950,West,170749.7,56,No
CUST03951,South,42463.8,54,Yes
CUST03952,South,59635.13,28,Yes
CUST03953,North,191754.5,19,No
CUST03954,West,51214.47,43,Yes
CUST03955,West,121698.65,58,No
CUST03956,East,163096.2,13,Yes
CUST03957,East,50049.1,84,Yes
CUST03958,North,142475.0,91,Yes
CUST03959,North,106197.34,45,Yes
CUST03960,South,120675.46,62,Yes
CUST03961,North,6243.12,57,Yes
CUST03962,North,13363.03,73,Yes
CUST03963,East,91146.62,55,Yes
CUST03964,South,14372.32,55,No
CUST03965,East,34259.35,45,Yes
CUST03966,South,129742.39,65,Yes
CUST03967,West,112002.73,70,No
CUST03968,North,141481.39,40,Yes
CUST03969,North,198433.17,68,Yes
CUST03970,North,83139.85,82,No
CUST03971,North,89646.28,91,No
CUST03972,South,7125.84,85,Yes
CUST03973,West,170842.65,18,Yes
CUST03974,North,119774.52,60,Yes
CUST03975,North,1631.69,18,Yes
CUST03976,North,96329.1,38,No
CUST03977,West,14215.67,84,Yes
CUST03978,North,64819.16,63,Yes
CUST03979,East,99423.37,83,Yes
CUST03980,South,87642.49,19,Yes
CUST03981,East,117093.86,39,Yes
CUST03982,North,76260.74,46,No
CUST03983,North,62643.15,96,Yes
CUST03984,West,2757.54,95,Yes
CUST03985,West,46976.19,45,No
CUST03986,West,105438.53,63,Yes
CUST03987,West,185775.89,16,Yes
CUST03988,North,69340.7,38,Yes
CUST03989,South,45750.14,56,No
CUST03990,North,195320.07,46,No
CUST03991,West,58139.24,31,Yes
CUST03992,North,198169.47,73,Yes
CUST03993,East,135895.85,37,Yes
CUST03994,North,15929.4,38,Yes
CUST03995,North,175688.6,94,No
CUST03996,West,125543.49,35,Yes
CUST03997,South,99615.58,13,No
CUST03998,West,110000.24,2,Yes
CUST03999,South,113196.87,9,No
CUST04000,North,182339.97,79,No
CUST04001,South,84052.24,95,No
CUST04002,North,149915.44,48,No
CUST04003,West,178280.54,19,Yes
CUST04004,West,70306.65,92,Yes
CUST04005,South,185886.2,36,No
CUST04006,North,186694.04,35,Yes
CUST04007,South,58858.03,8,Yes
CUST04008,South,5731.56,7,No
CUST04009,West,167793.68,86,Yes
CUST04010,South,98257.52,56,Yes
CUST04011,West,148749.06,16,Yes
CUST04012,North,73441.47,92,No
CUST04013,East,186488.37,31,No
CUST04014,North,53843.29,65,Yes
CUST04015,West,97526.01,57,No
CUST04016,West,43677.19,82,No
CUST04017,South,94587.41,89,No
CUST04018,East,136199.3,34,Yes
CUST04019,West,64402.27,7,Yes
CUST04020,East,120402.88,60,Yes
CUST04021,East,108225.05,26,No
CUST04022,South,166673.14,10,No
CUST04023,South,102982.47,77,Yes
CUST04024,North,130646.34,74,Yes
CUST04025,North,141212.62,23,Yes
CUST04026,South,52025.02,88,Yes
CUST04027,East,37120.08,43,No
CUST04028,South,87987.73,63,Yes
CUST04029,North,38451.8,7,Yes
CUST04030,North,3958.93,13,Yes
CUST04031,East,146597.53,81,Yes
CUST04032,East,78153.63,8,Yes
CUST04033,South,159938.79,60,No
CUST04034,East,14601.33,66,Yes
CUST04035,North,162410.1,56,No
CUST04036,South,96100.24,28,Yes
CUST04037,North,27466.72,36,Yes
CUST04038,West,33984.05,71,Yes
CUST04039,South,74406.94,19,Yes
CUST04040,South,108077.83,49,Yes
CUST04041,South,132215.66,91,No
CUST04042,West,28114.15,89,No
CUST04043,North,8473.66,78,No
CUST04044,North,116117.99,79,Yes
CUST04045,South,136076.42,65,Yes
CUST04046,North,199372.93,10,No
CUST04047,West,79531.18,92,No
CUST04048,East,105365.43,33,Yes
CUST04049,North,73466.41,5,Yes
CUST04050,East,29917.97,89,No
CUST04051,South,96936.61,24,Yes
CUST04052,East,45725.26,37,Yes
CUST04053,East,122652.16,97,Yes
CUST04054,West,105801.81,93,No
CUST04055,North,4672.99,60,No
CUST04056,South,90764.14,86,No
CUST04057,East,64948.87,29,Yes
CUST04058,West,150742.15,26,Yes
CUST04059,East,150354.27,53,Yes
CUST04060,South,38020.78,85,Yes
CUST04061,East,141301.87,45,Yes
CUST04062,South,52842.97,81,Yes
CUST04063,West,71356.22,26,Yes
CUST04064,North,199927.49,5,Yes
CUST04065,North,41252.36,94,Yes
CUST04066,East,133919.41,61,No
CUST04067,West,159038.38,42,Yes
CUST04068,West,63111.77,29,No
CUST04069,North,141646.29,25,No
CUST04070,West,126886.06,73,Yes
CUST04071,West,143509.4,22,Yes
CUST04072,West,87216.9,64,No
CUST04073,South,27008.95,65,No
CUST04074,East,51233.81,60,No
CUST04075,North,20293.33,90,Yes
CUST04076,West,105611.53,11,No
CUST04077,West,197277.05,98,Yes
CUST04078,West,34032.9,80,No
CUST04079,South,119589.44,5,Yes
CUST04080,West,71920.1,35,No
CUST04081,South,141418.34,75,Yes
CUST04082,West,32024.35,72,No
CUST04083,West,133627.57,4,Yes
CUST04084,East,190972.87,9,No
CUST04085,East,101739.98,68,Yes
CUST04086,South,37665.65,38,Yes
CUST04087,West,46559.52,21,Yes
CUST04088,North,192371.69,46,No
CUST04089,East,9709.4,7,No
CUST04090,East,130524.89,52,Yes
CUST04091,South,80936.42,96,No
CUST04092,South,59023.78,94,Yes
CUST04093,East,27333.78,7,No
CUST04094,South,187627.61,14,No
CUST04095,West,99155.46,14,Yes
CUST04096,West,158924.65,64,Yes
CUST04097,East,21822.92,96,Yes
CUST04098,East,111796.98,22,No
CUST04099,East,68566.25,89,No
CUST04100,East,87057.02,82,Yes
CUST04101,South,150947.28,78,No
CUST04102,East,94967.37,18,Yes
CUST04103,East,117458.85,76,No
CUST04104,East,148177.71,3,Yes
CUST04105,South,109208.73,70,No
CUST04106,West,17204.11,18,Yes
CUST04107,West,78070.94,80,Yes
CUST04108,South,119004.71,51,Yes
CUST04109,West,57623.58,66,No
CUST04110,North,52122.66,30,No
CUST04111,West,168714.66,88,Yes
CUST04112,South,31424.54,74,Yes
CUST04113,North,26442.91,57,No
CUST04114,West,133926.64,42,No
CUST04115,South,131591.74,4,Yes
CUST04116,South,95287.88,61,Yes
CUST04117,South,2138.47,14,No
CUST04118,East,59490.62,82,Yes
CUST04119,East,107587.34,10,Yes
CUST04120,North,122235.31,14,Yes
CUST04121,South,194224.46,30,Yes
CUST04122,West,6048.93,77,Yes
CUST04123,South,22236.06,23,Yes
CUST04124,North,115838.41,61,Yes
CUST04125,West,60046.77,40,No
CUST04126,South,87182.96,7,Yes
CUST04127,North,118694.6,36,Yes
CUST04128,East,124840.76,9,Yes
CUST04129,East,64682.19,49,No
CUST04130,East,165325.93,35,No
CUST04131,North,196355.22,31,Yes
CUST04132,North,154537.75,25,Yes
CUST04133,West,7492.22,83,No
CUST04134,South,81310.51,74,Yes
CUST04135,North,166376.23,66,Yes
CUST04136,North,105210.81,20,No
CUST04137,West,185305.51,94,Yes
CUST04138,East,30752.22,38,No
CUST04139,South,39729.23,81,No
CUST04140,South,50076.87,88,No
CUST04141,East,1530.97,52,Yes
CUST04142,South,141152.57,36,No
CUST04143,East,118845.85,64,Yes
CUST04144,North,80646.72,95,Yes
CUST04145,North,8518.81,27,Yes
CUST04146,North,51492.11,70,No
CUST04147,South,123313.92,9,Yes
CUST04148,North,119680.7,7,Yes
CUST04149,North,185414.79,15,Yes
CUST04150,East,178258.37,83,No
CUST04151,North,109757.97,19,Yes
CUST04152,East,11417.4,79,Yes
CUST04153,South,174068.35,62,No
CUST04154,South,72039.75,20,Yes
CUST04155,South,175554.56,79,Yes
CUST04156,North,172269.73,29,No
CUST04157,South,80177.84,47,No
CUST04158,East,11053.53,4,No
CUST04159,North,97410.09,85,Yes
CUST04160,South,168649.09,79,Yes
CUST04161,East,166394.32,19,Yes
CUST04162,North,38998.82,83,Yes
CUST04163,East,145934.79,22,Yes
CUST04164,West,54198.58,30,Yes
CUST04165,South,184905.44,91,No
CUST04166,West,177546.57,63,Yes
CUST04167,South,188538.17,39,No
CUST04168,West,9015.35,65,No
CUST04169,East,34508.67,97,Yes
CUST04170,West,27542.87,33,No
CUST04171,South,27296.53,74,Yes
CUST04172,North,85036.13,40,Yes
CUST04173,West,143811.47,95,Yes
CUST04174,South,55121.06,22,Yes
CUST04175,North,130587.27,25,Yes
CUST04176,East,60860.43,66,Yes
CUST04177,North,54265.69,68,No
CUST04178,East,192746.37,98,Yes
CUST04179,West,106690.78,36,Yes
CUST04180,North,148916.54,77,No
CUST04181,North,199232.9,13,Yes
CUST04182,West,101767.91,87,Yes
CUST04183,South,94576.76,3,Yes
CUST04184,West,90627.63,7,No
CUST04185,East,8962.61,46,Yes
CUST04186,East,107789.15,88,No
CUST04187,East,165427.56,62,Yes
CUST04188,East,198579.82,16,No
CUST04189,South,153557.91,57,No
CUST04190,East,64416.36,29,No
CUST04191,West,106933.79,74,No
CUST04192,South,104369.16,10,No
CUST04193,South,190662.24,12,Yes
CUST04194,North,175444.45,44,Yes
CUST04195,West,187173.56,21,Yes
CUST04196,West,74841.88,60,Yes
CUST04197,North,177887.97,6,Yes
CUST04198,West,180533.06,78,No
CUST04199,West,155355.27,56,No
CUST04200,East,189846.16,6,Yes
CUST04201,West,33283.68,2,Yes
CUST04202,West,132468.93,96,No
CUST04203,West,153635.49,23,Yes
CUST04204,South,41686.62,78,Yes
CUST04205,North,134481.24,34,Yes
CUST04206,South,3831.42,31,No
CUST04207,East,5438.04,20,No
CUST04208,North,87275.48,19,No
CUST04209,North,62658.11,11,No
CUST04210,South,10475.43,68,No
CUST04211,North,51186.84,15,No
CUST04212,South,3368.99,74,Yes
CUST04213,West,107257.35,63,Yes
CUST04214,West,13914.94,79,Yes
CUST04215,West,168823.14,88,Yes
CUST04216,East,68409.51,42,Yes
CUST04217,South,120443.5,16,Yes
CUST04218,West,7126.53,19,Yes
CUST04219,South,127129.27,90,No
CUST04220,West,198048.17,48,No
CUST04221,West,57396.14,73,No
CUST04222,North,167041.19,48,Yes
CUST04223,East,124889.2,92,Yes
CUST04224,North,167213.86,75,No
CUST04225,East,61065.98,18,Yes
CUST04226,South,78535.58,30,No
CUST04227,North,197607.09,69,No
CUST04228,West,155551.37,89,Yes
CUST04229,East,182391.55,54,Yes
CUST04230,South,142367.14,34,Yes
CUST04231,South,167137.52,27,Yes
CUST04232,North,11445.94,50,Yes
CUST04233,West,88816.27,17,Yes
CUST04234,East,21284.83,87,No
CUST04235,East,83285.93,58,No
CUST04236,North,188611.63,29,Yes
CUST04237,East,79383.04,91,Yes
CUST04238,East,23006.68,59,Yes
CUST04239,West,7187.83,95,Yes
CUST04240,West,109215.9,99,Yes
CUST04241,North,100900.51,9,Yes
CUST04242,North,85747.84,91,Yes
CUST04243,North,64157.09,21,Yes
CUST04244,North,69953.68,38,Yes
CUST04245,East,143855.7,81,No
CUST04246,East,66373.3,30,Yes
CUST04247,West,73833.29,8,Yes
CUST04248,North,55343.21,19,Yes
CUST04249,North,88228.22,79,Yes
CUST04250,West,42401.86,77,Yes
CUST04251,South,186603.7,30,Yes
CUST04252,North,152062.17,16,Yes
CUST04253,East,23638.73,27,Yes
CUST04254,West,57048.95,79,Yes
CUST04255,East,153344.12,51,No
CUST04256,East,178627.56,61,No
CUST04257,East,40745.98,39,Yes
CUST04258,North,10432.32,52,No
CUST04259,West,117946.14,85,Yes
CUST04260,South,45563.75,82,Yes
CUST04261,South,3228.66,9,Yes
CUST04262,North,133204.51,65,Yes
CUST04263,West,24163.66,2,No
CUST04264,West,129382.29,14,Yes
CUST04265,North,190897.43,8,No
CUST04266,South,95213.55,87,Yes
CUST04267,South,102266.37,16,Yes
CUST04268,West,29368.7,18,No
CUST04269,West,133202.63,63,Yes
CUST04270,West,189470.42,66,No
CUST04271,West,3633.02,64,Yes
CUST04272,South,189092.53,34,Yes
CUST04273,North,30521.22,17,No
CUST04274,East,6498.73,35,Yes
CUST04275,West,138081.52,4,No
CUST04276,West,33769.38,50,Yes
CUST04277,North,32364.66,18,No
CUST04278,North,81301.03,10,Yes
CUST04279,East,77230.07,12,No
CUST04280,North,99204.25,27,No
CUST04281,West,29834.83,53,Yes
CUST04282,West,145167.22,42,Yes
CUST04283,North,55500.49,51,No
CUST04284,East,4755.58,87,Yes
CUST04285,South,184496.44,72,Yes
CUST04286,East,154068.17,82,Yes
CUST04287,West,39282.25,3,Yes
CUST04288,West,146073.67,33,Yes
CUST04289,North,51522.29,26,Yes
CUST04290,West,115974.85,10,No
CUST04291,South,87181.83,12,Yes
CUST04292,West,38960.11,35,Yes
CUST04293,West,46332.35,44,Yes
CUST04294,East,63369.26,10,Yes
CUST04295,South,138037.23,53,Yes
CUST04296,North,63351.44,89,No
CUST04297,South,197988.54,66,Yes
CUST04298,West,34788.74,95,No
CUST04299,East,89577.1,23,Yes
CUST04300,West,152962.75,3,Yes
CUST04301,East,90274.04,40,Yes
CUST04302,East,91060.34,18,No
CUST04303,South,11616.45,15,Yes
CUST04304,North,39183.47,73,Yes
CUST04305,East,80329.63,62,No
CUST04306,North,20798.7,78,Yes
CUST04307,South,83767.39,24,No
CUST04308,North,116523.34,99,No
CUST04309,East,106519.26,79,No
CUST04310,South,52105.88,59,Yes
CUST04311,South,166433.49,40,Yes
CUST04312,South,135068.62,68,Yes
CUST04313,East,90346.98,84,No
CUST04314,North,26991.54,89,Yes
CUST04315,South,177494.44,63,No
CUST04316,South,178103.21,37,Yes
CUST04317,South,24304.34,5,Yes
CUST04318,North,89339.42,62,Yes
CUST04319,West,141365.91,71,Yes
CUST04320,West,4523.18,93,No
CUST04321,West,54191.72,87,Yes
CUST04322,West,80501.79,14,Yes
CUST04323,East,85314.94,14,Yes
CUST04324,West,112630.34,97,Yes
CUST04325,West,17156.37,89,Yes
CUST04326,East,56584.31,95,Yes
CUST04327,South,27546.45,55,Yes
CUST04328,East,169865.91,75,Yes
CUST04329,South,43880.91,41,Yes
CUST04330,North,140890.17,81,No
CUST04331,West,63580.85,81,Yes
CUST04332,South,78435.48,75,Yes
CUST04333,South,177947.95,98,Yes
CUST04334,South,80779.64,45,No
CUST04335,East,144860.1,29,Yes
CUST04336,East,83725.01,43,Yes
CUST04337,West,109858.6,51,Yes
CUST04338,West,54876.01,64,No
CUST04339,South,199512.1,15,Yes
CUST04340,North,109163.34,32,Yes
CUST04341,South,189838.24,39,Yes
CUST04342,South,1703.79,66,No
CUST04343,West,76933.3,67,Yes
CUST04344,South,29070.9,37,No
CUST04345,South,137485.04,45,Yes
CUST04346,South,161000.54,50,Yes
CUST04347,South,151539.06,43,No
CUST04348,North,111546.29,49,Yes
CUST04349,West,19955.24,70,No
CUST04350,South,26094.44,96,Yes
CUST04351,South,71215.98,39,Yes
CUST04352,North,141921.32,26,Yes
CUST04353,North,21291.71,58,Yes
CUST04354,West,90674.06,50,Yes
CUST04355,South,9557.43,68,Yes
CUST04356,North,190682.33,55,No
CUST04357,East,162635.67,14,No
CUST04358,West,105392.53,37,No
CUST04359,North,164507.67,72,Yes
CUST04360,South,67770.01,19,Yes
CUST04361,West,17843.88,6,No
CUST04362,West,53417.32,3,Yes
CUST04363,North,38441.24,47,No
CUST04364,South,55938.95,71,No
CUST04365,North,73899.38,3,No
CUST04366,West,26430.9,29,No
CUST04367,West,136287.52,14,Yes
CUST04368,North,100824.33,90,No
CUST04369,South,143306.02,35,Yes
CUST04370,West,49601.79,14,Yes
CUST04371,East,157103.87,24,Yes
CUST04372,South,192332.02,22,Yes
CUST04373,East,59570.03,64,No
CUST04374,West,103480.98,30,Yes
CUST04375,South,131589.37,16,Yes
CUST04376,North,64344.72,34,No
CUST04377,North,178361.27,73,Yes
CUST04378,East,34252.92,3,Yes
CUST04379,North,167844.13,92,Yes
CUST04380,North,42096.12,89,Yes
CUST04381,East,44274.95,39,Yes
CUST04382,West,8460.1,96,Yes
CUST04383,West,110804.08,63,Yes
CUST04384,East,158445.35,58,Yes
CUST04385,East,15202.04,87,Yes
CUST04386,South,93349.99,28,Yes
CUST04387,West,185860.4,80,No
CUST04388,South,177051.79,1,Yes
CUST04389,North,171432.17,38,No
CUST04390,North,167360.91,1,No
CUST04391,West,164403.6,56,No
CUST04392,North,177430.73,74,Yes
CUST04393,North,71133.77,36,No
CUST04394,East,57951.06,57,Yes
CUST04395,North,116503.21,79,No
CUST04396,North,152659.58,50,Yes
CUST04397,South,34535.6,27,Yes
CUST04398,West,60461.81,31,No
CUST04399,South,126298.61,41,Yes
CUST04400,West,9675.39,51,No
CUST04401,East,190271.33,3,Yes
CUST04402,East,68004.43,91,Yes
CUST04403,South,181192.41,50,Yes
CUST04404,East,35290.06,59,Yes
CUST04405,West,107286.24,89,Yes
CUST04406,South,177510.43,95,Yes
CUST04407,South,54964.38,93,No
CUST04408,West,24560.97,44,No
CUST04409,West,66440.21,26,Yes
CUST04410,East,114578.0,76,No
CUST04411,South,177138.74,87,Yes
CUST04412,East,93389.02,20,Yes
CUST04413,North,194067.36,85,Yes
CUST04414,South,99606.33,22,Yes
CUST04415,North,132562.47,94,Yes
CUST04416,North,189949.59,82,Yes
CUST04417,South,51920.69,34,No
CUST04418,East,24374.95,14,Yes
CUST04419,East,77403.91,77,Yes
CUST04420,South,16116.1,98,Yes
CUST04421,West,153846.72,76,Yes
CUST04422,East,173067.16,67,Yes
CUST04423,North,4738.08,53,Yes
CUST04424,West,39313.45,31,Yes
CUST04425,West,53629.96,11,No
CUST04426,West,42558.57,53,No
CUST04427,East,180929.54,19,No
CUST04428,East,125062.93,29,No
CUST04429,West,185898.11,63,Yes
CUST04430,North,88161.55,65,Yes
CUST04431,North,198891.77,40,Yes
CUST04432,West,2113.24,50,Yes
CUST04433,South,177477.31,49,Yes
CUST04434,East,171741.05,4,No
CUST04435,North,117036.96,73,Yes
CUST04436,North,162230.96,47,No
CUST04437,South,102339.8,23,Yes
CUST04438,South,113492.5,51,Yes
CUST04439,West,90054.28,35,Yes
CUST04440,North,11384.83,15,No
CUST04441,North,103349.87,80,Yes
CUST04442,West,48658.25,48,Yes
CUST04443,South,173923.79,5,Yes
CUST04444,East,32859.13,86,No
CUST04445,North,59920.34,9,No
CUST04446,West,141176.7,57,Yes
CUST04447,North,146687.58,20,Yes
CUST04448,West,86541.42,73,No
CUST04449,East,2124.77,14,No
CUST04450,West,117887.51,97,No
CUST04451,South,45783.04,2,Yes
CUST04452,West,79620.19,81,Yes
CUST04453,North,56286.08,46,No
CUST04454,South,198967.79,63,Yes
CUST04455,North,32916.44,35,Yes
CUST04456,West,193131.65,46,Yes
CUST04457,South,33172.79,8,No
CUST04458,South,45177.01,85,No
CUST04459,West,114521.13,61,No
CUST04460,North,131687.82,36,No
CUST04461,East,38509.12,13,Yes
CUST04462,East,68603.19,71,Yes
CUST04463,East,175618.36,87,Yes
CUST04464,North,160440.77,18,No
CUST04465,East,107106.93,26,No
CUST04466,North,127172.05,46,Yes
CUST04467,North,35358.82,8,Yes
CUST04468,South,87503.39,79,No
CUST04469,West,196425.98,40,Yes
CUST04470,East,7083.11,6,Yes
CUST04471,West,194731.78,95,Yes
CUST04472,South,106846.3,45,No
CUST04473,South,113130.62,13,Yes
CUST04474,West,113303.51,75,No
CUST04475,South,151867.71,61,No
CUST04476,North,141783.5,32,No
CUST04477,East,158070.79,24,Yes
CUST04478,East,157337.93,29,Yes
CUST04479,East,126304.86,20,Yes
CUST04480,North,95357.87,58,Yes
CUST04481,North,165296.13,59,No
CUST04482,West,85908.12,81,Yes
CUST04483,South,24833.62,41,Yes
CUST04484,South,34774.96,7,Yes
CUST04485,West,170083.01,33,Yes
CUST04486,West,60277.39,34,Yes
CUST04487,East,70657.74,99,Yes
CUST04488,South,100343.09,17,Yes
CUST04489,South,92644.94,68,No
CUST04490,North,138671.9,26,No
CUST04491,West,132949.55,13,Yes
CUST04492,West,80999.69,19,No
CUST04493,West,156212.48,86,Yes
CUST04494,South,21276.24,46,No
CUST04495,South,121058.27,48,Yes
CUST04496,West,26935.34,59,No
CUST04497,West,199559.09,12,Yes
CUST04498,South,147142.34,87,Yes
CUST04499,South,36183.53,94,Yes
CUST04500,South,174307.47,49,Yes
CUST04501,South,171473.95,55,Yes
CUST04502,North,138278.42,81,No
CUST04503,North,137528.56,13,Yes
CUST04504,South,37935.21,90,Yes
CUST04505,South,19592.94,26,Yes
CUST04506,East,26658.52,97,Yes
CUST04507,West,150522.98,20,No
CUST04508,West,67481.37,77,Yes
CUST04509,West,28091.15,86,No
CUST04510,East,27182.57,16,Yes
CUST04511,West,169028.73,3,No
CUST04512,West,136014.25,52,No
CUST04513,East,72666.21,76,No
CUST04514,North,169584.33,87,Yes
CUST04515,East,179725.4,85,Yes
CUST04516,North,175673.91,88,Yes
CUST04517,South,150607.99,66,No
CUST04518,East,75201.2,51,Yes
CUST04519,South,172260.29,70,Yes
CUST04520,East,139360.5,85,Yes
CUST04521,South,29223.94,72,Yes
CUST04522,South,114998.89,85,Yes
CUST04523,West,193592.25,3,Yes
CUST04524,South,155169.6,4,Yes
CUST04525,West,137275.94,15,No
CUST04526,East,8519.06,7,Yes
CUST04527,South,174860.06,50,No
CUST04528,South,64072.11,84,Yes
CUST04529,East,49223.63,15,Yes
CUST04530,South,22195.82,98,Yes
CUST04531,South,158523.44,77,No
CUST04532,West,66498.2,79,Yes
CUST04533,South,174962.26,1,Yes
CUST04534,East,15463.78,45,Yes
CUST04535,West,15092.13,40,No
CUST04536,West,135473.31,93,Yes
CUST04537,West,102517.57,14,No
CUST04538,West,113469.48,75,No
CUST04539,East,51266.42,33,Yes
CUST04540,East,151645.36,15,Yes
CUST04541,North,10715.59,27,Yes
CUST04542,West,170367.28,96,Yes
CUST04543,West,40161.24,32,Yes
CUST04544,West,169036.72,43,Yes
CUST04545,West,122471.96,43,Yes
CUST04546,North,196665.05,74,Yes
CUST04547,East,56275.05,18,Yes
CUST04548,East,179929.91,52,No
CUST04549,East,102464.94,75,Yes
CUST04550,North,46034.55,27,Yes
CUST04551,South,190507.98,69,Yes
CUST04552,West,25950.86,51,Yes
CUST04553,South,135172.06,3,No
CUST04554,South,172825.18,97,No
CUST04555,North,14584.91,86,Yes
CUST04556,North,191606.05,99,No
CUST04557,East,145072.87,62,Yes
CUST04558,South,5768.32,40,Yes
CUST04559,South,117661.5,17,Yes
CUST04560,West,42996.63,2,No
CUST04561,North,11718.56,33,Yes
CUST04562,East,122817.81,46,No
CUST04563,East,127203.83,51,Yes
CUST04564,South,169965.1,82,No
CUST04565,North,69709.62,11,No
CUST04566,East,148803.44,95,Yes
CUST04567,East,24615.83,18,No
CUST04568,West,159650.68,51,No
CUST04569,North,58567.2,62,Yes
CUST04570,South,85884.02,1,No
CUST04571,South,154881.97,39,No
CUST04572,West,179221.05,50,Yes
CUST04573,East,95133.99,91,Yes
CUST04574,East,167628.16,75,Yes
CUST04575,North,119398.7,19,Yes
CUST04576,South,104075.03,62,Yes
CUST04577,North,116160.32,24,Yes
CUST04578,East,123064.7,68,Yes
CUST04579,South,47204.77,97,Yes
CUST04580,South,70186.68,62,Yes
CUST04581,West,161101.99,98,No
CUST04582,North,120672.16,10,Yes
CUST04583,East,155135.52,21,Yes
CUST04584,South,130051.02,64,Yes
CUST04585,South,26751.2,32,No
CUST04586,North,85243.95,7,Yes
CUST04587,South,135004.92,27,Yes
CUST04588,West,65481.56,66,Yes
CUST04589,East,78947.26,10,Yes
CUST04590,West,126008.34,3,Yes
CUST04591,South,160815.82,36,Yes
CUST04592,North,172310.15,5,Yes
CUST04593,West,56067.28,50,Yes
CUST04594,West,176004.04,48,No
CUST04595,North,37529.09,44,Yes
CUST04596,North,121500.33,55,No
CUST04597,East,111175.4,85,No
CUST04598,East,110447.69,58,Yes
CUST04599,East,164796.02,1,No
CUST04600,South,123194.68,52,Yes
CUST04601,East,181316.24,57,Yes
CUST04602,North,188310.55,77,Yes
CUST04603,North,90486.29,64,No
CUST04604,West,96426.58,45,No
CUST04605,South,63782.35,97,Yes
CUST04606,West,132065.88,81,Yes
CUST04607,North,179746.48,2,No
CUST04608,East,155480.05,31,Yes
CUST04609,West,124646.66,51,No
CUST04610,East,127369.89,61,Yes
CUST04611,South,1989.52,90,Yes
CUST04612,South,66342.06,62,Yes
CUST04613,West,93876.35,65,Yes
CUST04614,North,157170.09,8,Yes
CUST04615,North,52144.12,89,Yes
CUST04616,North,123371.9,89,Yes
CUST04617,South,65193.1,89,Yes
CUST04618,North,193754.15,78,Yes
CUST04619,West,106388.05,66,No
CUST04620,North,21463.73,16,No
CUST04621,South,185525.71,4,No
CUST04622,West,102631.94,1,Yes
CUST04623,North,42674.54,63,No
CUST04624,North,155932.05,21,Yes
CUST04625,South,159700.31,48,Yes
CUST04626,East,114746.19,4,Yes
CUST04627,West,164867.16,12,Yes
CUST04628,West,49175.64,99,Yes
CUST04629,West,155589.44,76,Yes
CUST04630,South,34552.13,47,Yes
CUST04631,North,24730.78,86,Yes
CUST04632,East,167713.73,95,No
CUST04633,East,66612.72,14,No
CUST04634,South,120692.75,75,No
CUST04635,South,129639.69,2,No
CUST04636,West,43570.65,92,Yes
CUST04637,South,153257.19,74,No
CUST04638,East,68457.63,99,No
CUST04639,North,81434.78,96,Yes
CUST04640,East,52027.26,90,No
CUST04641,North,99728.22,19,No
CUST04642,East,41939.24,91,Yes
CUST04643,East,69555.87,44,Yes
CUST04644,South,101518.23,41,Yes
CUST04645,South,134226.67,8,No
CUST04646,West,176079.81,46,Yes
CUST04647,West,137157.72,79,Yes
CUST04648,West,80479.67,74,Yes
CUST04649,East,194041.41,25,No
CUST04650,East,177135.89,22,Yes
CUST04651,East,40993.83,68,Yes
CUST04652,East,116083.22,87,No
CUST04653,North,39731.3,87,Yes
CUST04654,West,26588.78,54,No
CUST04655,East,69177.16,92,No
CUST04656,North,82353.96,98,No
CUST04657,West,30880.58,24,Yes
CUST04658,West,68899.21,33,No
CUST04659,North,14346.46,33,Yes
CUST04660,East,158199.71,41,Yes
CUST04661,West,183313.69,11,No
CUST04662,North,51283.25,42,No
CUST04663,North,99844.52,2,No
CUST04664,West,154953.69,8,No
CUST04665,North,86907.79,20,Yes
CUST04666,West,10992.41,72,Yes
CUST04667,South,30474.07,97,Yes
CUST04668,East,57029.22,91,Yes
CUST04669,East,79925.15,85,Yes
CUST04670,South,33899.56,95,No
CUST04671,South,173018.19,70,Yes
CUST04672,West,180272.71,39,No
CUST04673,East,19215.49,15,Yes
CUST04674,East,91764.97,49,Yes
CUST04675,North,164973.03,20,No
CUST04676,North,108672.5,51,No
CUST04677,South,133028.21,76,Yes
CUST04678,West,76987.11,12,Yes
CUST04679,West,32096.01,14,Yes
CUST04680,West,149003.63,35,Yes
CUST04681,North,61466.86,36,Yes
CUST04682,South,38187.57,42,Yes
CUST04683,North,194243.42,69,Yes
CUST04684,East,113495.24,76,Yes
CUST04685,North,194436.38,82,Yes
CUST04686,North,1261.61,34,Yes
CUST04687,East,156413.91,61,No
CUST04688,East,87449.61,89,No
CUST04689,South,53753.19,38,No
CUST04690,North,92294.89,97,Yes
CUST04691,South,171896.28,24,No
CUST04692,East,10761.66,20,Yes
CUST04693,North,4106.51,47,Yes
CUST04694,North,67006.36,62,Yes
CUST04695,North,166736.96,4,No
CUST04696,West,47161.72,16,Yes
CUST04697,West,115757.99,12,Yes
CUST04698,East,84529.65,20,No
CUST04699,South,156562.73,22,Yes
CUST04700,South,158449.65,59,Yes
CUST04701,South,46039.84,15,No
CUST04702,South,174356.49,93,Yes
CUST04703,South,152683.93,56,Yes
CUST04704,West,156510.57,71,Yes
CUST04705,North,44315.51,83,Yes
CUST04706,North,151581.66,87,No
CUST04707,South,136362.46,29,No
CUST04708,West,135874.34,4,Yes
CUST04709,West,86732.66,54,Yes
CUST04710,South,18574.23,50,Yes
CUST04711,North,77332.67,2,Yes
CUST04712,East,148026.66,30,Yes
CUST04713,East,13762.92,57,Yes
CUST04714,North,65362.04,56,Yes
CUST04715,West,67846.86,56,Yes
CUST04716,East,198442.17,84,Yes
CUST04717,East,164444.56,43,No
CUST04718,East,4291.35,69,No
CUST04719,North,75776.11,55,Yes
CUST04720,East,94175.3,38,Yes
CUST04721,North,172927.45,24,Yes
CUST04722,South,54816.39,53,Yes
CUST04723,North,197778.69,23,Yes
CUST04724,East,197284.8,55,Yes
CUST04725,South,178228.16,61,No
CUST04726,East,129985.44,5,Yes
CUST04727,West,183184.67,44,Yes
CUST04728,East,1239.52,47,Yes
CUST04729,North,66842.51,69,No
CUST04730,South,11685.74,80,Yes
CUST04731,South,79847.81,45,No
CUST04732,East,144506.03,79,Yes
CUST04733,South,177956.09,59,Yes
CUST04734,South,189223.04,32,Yes
CUST04735,South,83613.76,13,Yes
CUST04736,South,136294.7,88,Yes
CUST04737,South,146978.11,60,Yes
CUST04738,East,58591.62,61,No
CUST04739,East,61191.1,42,No
CUST04740,East,127840.78,11,Yes
CUST04741,East,151429.54,38,Yes
CUST04742,North,135958.33,3,No
CUST04743,West,133706.46,30,No
CUST04744,South,12845.71,15,Yes
CUST04745,North,132246.53,59,No
CUST04746,South,22835.04,19,Yes
CUST04747,North,33192.9,75,Yes
CUST04748,West,108786.66,19,Yes
CUST04749,East,32908.58,9,Yes
CUST04750,North,168549.73,54,Yes
CUST04751,West,53451.02,8,No
CUST04752,West,107220.22,13,No
CUST04753,South,176411.89,42,Yes
CUST04754,West,18851.88,18,Yes
CUST04755,South,7259.98,48,No
CUST04756,West,160529.89,33,Yes
CUST04757,West,95702.61,4,Yes
CUST04758,North,164314.4,51,Yes
CUST04759,East,179208.5,14,No
CUST04760,West,31246.52,3,Yes
CUST04761,West,52952.29,89,No
CUST04762,West,197286.22,40,Yes
CUST04763,East,27940.34,24,Yes
CUST04764,West,147347.39,26,Yes
CUST04765,East,144871.13,36,Yes
CUST04766,East,48824.25,73,Yes
CUST04767,West,120259.02,37,No
CUST04768,South,98533.73,96,Yes
CUST04769,East,108046.68,37,Yes
CUST04770,North,144660.01,93,Yes
CUST04771,West,143223.66,73,Yes
CUST04772,South,135991.78,8,Yes
CUST04773,East,11355.53,77,Yes
CUST04774,West,33958.39,82,Yes
CUST04775,North,171206.37,26,Yes
CUST04776,West,36789.04,53,Yes
CUST04777,West,58839.42,35,No
CUST04778,West,184919.14,95,Yes
CUST04779,North,158959.59,67,Yes
CUST04780,West,134111.12,96,Yes
CUST04781,West,186424.82,70,No
CUST04782,North,151930.75,81,Yes
CUST04783,North,120986.58,38,Yes
CUST04784,South,172797.4,2,No
CUST04785,North,59575.29,72,No
CUST04786,East,49919.6,61,Yes
CUST04787,South,88631.48,15,Yes
CUST04788,East,104732.89,68,No
CUST04789,South,123945.24,27,No
CUST04790,East,86013.4,86,No
CUST04791,South,103474.52,9,No
CUST04792,East,123399.59,62,Yes
CUST04793,North,78643.97,92,Yes
CUST04794,South,98159.98,75,No
CUST04795,South,10095.26,18,No
CUST04796,East,148812.55,3,No
CUST04797,North,91939.09,46,Yes
CUST04798,North,63989.1,7,No
CUST04799,North,110535.65,81,No
CUST04800,South,12219.26,15,Yes
CUST04801,North,167620.68,61,Yes
CUST04802,North,180845.41,57,Yes
CUST04803,North,147140.32,90,No
CUST04804,North,114371.86,66,Yes
CUST04805,West,78875.98,87,Yes
CUST04806,West,35358.65,19,No
CUST04807,South,114455.27,15,Yes
CUST04808,East,184712.03,27,No
CUST04809,South,116961.57,33,Yes
CUST04810,South,179047.38,42,Yes
CUST04811,North,19859.41,71,Yes
CUST04812,East,75007.3,95,No
CUST04813,West,166053.29,35,Yes
CUST04814,North,131674.73,17,No
CUST04815,East,134296.83,29,Yes
CUST04816,East,65752.69,29,No
CUST04817,East,60430.56,69,Yes
CUST04818,West,152573.31,88,No
CUST04819,North,52491.58,7,Yes
CUST04820,East,72473.62,71,Yes
CUST04821,South,122994.81,22,Yes
CUST04822,East,94099.76,50,Yes
CUST04823,East,184961.59,23,Yes
CUST04824,East,29868.01,47,Yes
CUST04825,South,1023.61,21,Yes
CUST04826,South,160003.06,51,No
CUST04827,South,86593.54,50,Yes
CUST04828,North,59252.16,49,Yes
CUST04829,South,120532.79,7,Yes
CUST04830,East,190531.72,1,Yes
CUST04831,West,76960.25,3,Yes
CUST04832,South,86710.36,17,No
CUST04833,North,11512.1,56,Yes
CUST04834,South,118961.69,29,Yes
CUST04835,South,96780.77,45,Yes
CUST04836,East,60259.63,81,Yes
CUST04837,West,199173.27,5,No
CUST04838,South,75853.81,6,Yes
CUST04839,East,30222.79,23,Yes
CUST04840,West,58996.38,44,No
CUST04841,North,39944.01,58,Yes
CUST04842,East,158840.99,68,Yes
CUST04843,South,71142.61,83,Yes
CUST04844,West,84087.04,44,Yes
CUST04845,South,43429.62,78,Yes
CUST04846,West,39276.29,60,Yes
CUST04847,North,48722.52,83,Yes
CUST04848,West,30777.71,48,Yes
CUST04849,North,191402.57,7,No
CUST04850,East,17696.61,48,Yes
CUST04851,East,160681.24,7,No
CUST04852,West,105975.39,63,Yes
CUST04853,West,113560.81,71,Yes
CUST04854,West,94145.03,18,Yes
CUST04855,East,192008.84,53,No
CUST04856,South,28800.78,88,No
CUST04857,West,68681.68,43,Yes
CUST04858,West,165892.62,27,No
CUST04859,South,176515.53,97,Yes
CUST04860,North,193138.01,43,Yes
CUST04861,East,125028.24,76,Yes
CUST04862,North,61243.15,80,No
CUST04863,North,160946.64,89,No
CUST04864,East,192585.38,17,Yes
CUST04865,East,68573.4,31,No
CUST04866,East,29025.9,81,No
CUST04867,West,104011.97,55,No
CUST04868,East,97916.06,50,No
CUST04869,West,79649.9,52,Yes
CUST04870,North,177372.85,87,No
CUST04871,East,30179.53,9,No
CUST04872,West,119649.98,56,No
CUST04873,West,116815.52,72,No
CUST04874,South,110996.74,76,Yes
CUST04875,South,81052.29,73,No
CUST04876,North,100464.63,60,Yes
CUST04877,South,106901.82,6,Yes
CUST04878,North,174307.22,5,Yes
CUST04879,East,187956.7,23,Yes
CUST04880,North,80678.38,88,Yes
CUST04881,West,126766.28,24,Yes
CUST04882,East,176413.48,95,Yes
CUST04883,West,15700.21,28,No
CUST04884,East,112051.75,54,Yes
CUST04885,South,106508.52,92,No
CUST04886,South,159618.28,25,No
CUST04887,East,53803.15,51,Yes
CUST04888,West,43969.19,77,Yes
CUST04889,East,121065.65,70,No
CUST04890,West,123552.93,7,No
CUST04891,West,194678.89,42,Yes
CUST04892,South,107214.65,79,Yes
CUST04893,West,6498.32,96,Yes
CUST04894,East,129854.04,2,Yes
CUST04895,North,85793.93,3,No
CUST04896,East,176793.91,49,Yes
CUST04897,East,185316.61,14,Yes
CUST04898,West,126953.5,96,No
CUST04899,West,13427.42,4,Yes
CUST04900,West,145843.32,34,Yes
CUST04901,South,13988.73,25,Yes
CUST04902,East,71751.54,66,Yes
CUST04903,West,93362.9,35,No
CUST04904,North,104163.1,14,Yes
CUST04905,South,77318.3,34,Yes
CUST04906,East,7741.22,36,Yes
CUST04907,North,9599.53,80,Yes
CUST04908,East,189582.68,74,Yes
CUST04909,East,48090.71,22,No
CUST04910,South,193159.52,48,Yes
CUST04911,South,113542.24,53,No
CUST04912,North,83531.79,21,Yes
CUST04913,North,152946.7,48,Yes
CUST04914,South,50056.75,37,Yes
CUST04915,North,173507.84,20,Yes
CUST04916,West,1698.66,44,Yes
CUST04917,West,176999.18,87,Yes
CUST04918,South,61681.99,1,Yes
CUST04919,South,60583.14,9,Yes
CUST04920,South,135114.95,52,No
CUST04921,West,91757.92,4,Yes
CUST04922,West,128582.77,64,Yes
CUST04923,South,42329.13,76,Yes
CUST04924,East,36237.11,82,Yes
CUST04925,South,132086.14,53,No
CUST04926,South,82059.65,67,Yes
CUST04927,South,9411.53,60,Yes
CUST04928,North,164349.81,41,Yes
CUST04929,East,33995.44,77,Yes
CUST04930,North,194813.18,90,Yes
CUST04931,East,154856.57,6,Yes
CUST04932,North,183024.45,29,Yes
CUST04933,North,106386.1,88,No
CUST04934,North,21010.83,31,No
CUST04935,South,54813.26,67,No
CUST04936,North,188953.09,76,Yes
CUST04937,South,171403.74,15,Yes
CUST04938,West,164894.38,14,Yes
CUST04939,West,193803.01,54,Yes
CUST04940,East,55602.11,78,Yes
CUST04941,East,34798.05,60,No
CUST04942,South,26475.52,2,Yes
CUST04943,North,11849.99,24,Yes
CUST04944,East,71075.56,66,No
CUST04945,South,153478.34,49,No
CUST04946,North,127355.35,63,Yes
CUST04947,South,160633.44,45,Yes
CUST04948,East,45379.52,93,Yes
CUST04949,South,18466.14,65,Yes
CUST04950,West,104892.64,73,Yes
CUST04951,West,131307.45,23,Yes
CUST04952,North,131311.44,42,No
CUST04953,South,182374.02,47,Yes
CUST04954,East,5447.01,18,No
CUST04955,North,79455.03,12,Yes
CUST04956,East,133983.63,90,Yes
CUST04957,West,6407.63,69,No
CUST04958,East,199015.5,70,Yes
CUST04959,North,161913.0,72,No
CUST04960,East,57083.31,71,No
CUST04961,East,139640.12,52,No
CUST04962,East,188922.11,87,No
CUST04963,East,184989.47,99,Yes
CUST04964,East,1372.68,95,Yes
CUST04965,West,21332.29,91,Yes
CUST04966,West,25775.28,52,Yes
CUST04967,North,140972.76,56,No
CUST04968,West,41915.38,64,Yes
CUST04969,North,79738.31,31,Yes
CUST04970,East,118074.46,18,Yes
CUST04971,South,87413.1,24,No
CUST04972,East,58474.53,54,No
CUST04973,South,84420.8,77,No
CUST04974,West,38180.07,62,Yes
CUST04975,North,23209.04,26,No
CUST04976,West,67871.23,54,Yes
CUST04977,West,187097.24,38,No
CUST04978,South,86781.19,75,Yes
CUST04979,West,15464.1,44,No
CUST04980,South,17121.96,16,No
CUST04981,East,102123.3,3,No
CUST04982,West,71922.31,38,Yes
CUST04983,West,100672.12,19,Yes
CUST04984,North,168226.91,55,No
CUST04985,South,18012.24,27,Yes
CUST04986,South,38762.95,12,Yes
CUST04987,West,97783.67,52,Yes
CUST04988,North,188188.42,15,Yes
CUST04989,East,85953.52,72,Yes
CUST04990,East,174295.69,73,Yes
CUST04991,South,47581.16,68,Yes
CUST04992,West,50851.18,18,Yes
CUST04993,East,10280.54,98,Yes
CUST04994,South,145567.84,91,No
CUST04995,North,186566.68,17,No
CUST04996,West,195045.28,95,No
CUST04997,South,106319.77,46,Yes
CUST04998,West,140705.1,5,No
CUST04999,South,67879.6,16,Yes
CUST05000,East,97252.41,8,Yes
CUST05001,North,68389.3,82,Yes
CUST05002,South,53883.53,92,Yes
CUST05003,South,189601.6,95,Yes
CUST05004,East,149607.32,19,Yes
CUST05005,South,37655.11,68,Yes
CUST05006,North,191780.85,83,Yes
CUST05007,South,109080.54,46,No
CUST05008,West,34410.65,88,No
CUST05009,East,28390.16,63,No
CUST05010,West,64097.68,74,Yes
CUST05011,East,29540.7,29,Yes
CUST05012,South,71222.69,90,Yes
CUST05013,South,158243.0,14,No
CUST05014,North,5403.61,79,Yes
CUST05015,East,47646.74,51,Yes
CUST05016,South,110305.73,90,Yes
CUST05017,West,130816.9,72,No
CUST05018,North,145721.22,80,Yes
CUST05019,East,114450.56,25,Yes
CUST05020,West,107749.48,61,Yes
CUST05021,North,53211.55,68,Yes
CUST05022,West,185525.86,43,Yes
CUST05023,West,29054.89,85,Yes
CUST05024,East,127632.52,62,Yes
CUST05025,South,87249.16,9,Yes
CUST05026,North,177630.21,48,No
CUST05027,East,68466.68,89,No
CUST05028,North,70157.35,42,Yes
CUST05029,South,99166.74,41,No
CUST05030,East,166620.09,72,Yes
CUST05031,East,62937.81,17,Yes
CUST05032,West,178812.47,77,No
CUST05033,South,62693.25,42,Yes
CUST05034,East,50294.48,73,Yes
CUST05035,West,62375.8,8,No
CUST05036,North,164981.83,13,Yes
CUST05037,West,40319.33,80,Yes
CUST05038,East,133726.94,66,Yes
CUST05039,East,173697.87,52,Yes
CUST05040,East,27173.52,20,Yes
CUST05041,East,158414.95,75,Yes
CUST05042,North,52224.83,45,Yes
CUST05043,West,75095.23,68,No
CUST05044,East,130764.45,48,Yes
CUST05045,East,170693.26,36,No
CUST05046,West,111618.35,49,Yes
CUST05047,North,113865.74,17,Yes
CUST05048,West,162810.44,27,No
CUST05049,North,17677.88,18,No
CUST05050,South,16814.86,44,Yes
CUST05051,South,174618.67,60,Yes
CUST05052,East,125756.34,66,Yes
CUST05053,North,66741.18,64,No
CUST05054,West,11935.74,19,Yes
CUST05055,North,154312.19,39,No
CUST05056,West,82724.57,95,No
CUST05057,West,73715.82,65,Yes
CUST05058,West,69629.88,47,No
CUST05059,South,179218.72,51,No
CUST05060,East,25189.77,36,Yes
CUST05061,West,29021.56,6,Yes
CUST05062,West,145531.01,69,No
CUST05063,East,151181.82,47,Yes
CUST05064,West,146375.89,59,No
CUST05065,East,174082.09,10,Yes
CUST05066,East,155105.31,15,No
CUST05067,West,112485.99,89,No
CUST05068,South,55912.89,85,Yes
CUST05069,East,192025.7,91,Yes
CUST05070,West,59754.16,62,Yes
CUST05071,North,76256.19,42,Yes
CUST05072,North,76030.06,62,Yes
CUST05073,West,177773.24,85,No
CUST05074,North,91666.55,26,Yes
CUST05075,North,157117.52,28,Yes
CUST05076,North,99284.38,77,Yes
CUST05077,North,166735.78,11,Yes
CUST05078,South,198122.48,40,Yes
CUST05079,West,6471.09,99,No
CUST05080,South,65056.38,24,Yes
CUST05081,South,106449.94,16,Yes
CUST05082,West,60772.28,46,Yes
CUST05083,South,199934.26,25,Yes
CUST05084,East,94778.89,25,No
CUST05085,East,114881.29,66,No
CUST05086,West,139239.73,48,No
CUST05087,North,173164.72,67,No
CUST05088,North,198310.03,63,No
CUST05089,North,48225.52,83,No
CUST05090,East,89390.34,50,Yes
CUST05091,East,89641.3,9,Yes
CUST05092,East,81461.68,6,Yes
CUST05093,North,74790.04,67,Yes
CUST05094,South,131626.21,68,Yes
CUST05095,West,111304.75,66,Yes
CUST05096,East,159472.81,39,Yes
CUST05097,North,99495.47,19,Yes
CUST05098,East,33160.31,23,Yes
CUST05099,West,110384.26,98,No
CUST05100,North,193284.49,28,Yes
CUST05101,West,82857.9,51,No
CUST05102,North,188543.39,73,No
CUST05103,West,25328.34,19,Yes
CUST05104,West,64228.38,62,No
CUST05105,West,81448.28,92,No
CUST05106,West,196843.79,30,Yes
CUST05107,West,75595.6,21,No
CUST05108,East,61532.31,6,No
CUST05109,West,11481.99,1,No
CUST05110,West,177437.91,52,Yes
CUST05111,West,111035.21,19,No
CUST05112,South,70267.14,17,No
CUST05113,West,145943.9,22,No
CUST05114,South,80528.06,32,Yes
CUST05115,East,124207.18,28,Yes
CUST05116,North,13711.28,85,No
CUST05117,South,63913.99,75,No
CUST05118,North,190825.12,7,Yes
CUST05119,North,190697.72,75,Yes
CUST05120,North,143951.32,27,Yes
CUST05121,South,131058.88,60,No
CUST05122,West,63623.11,67,No
CUST05123,West,80682.88,52,Yes
CUST05124,West,27512.12,98,No
CUST05125,East,194393.06,2,Yes
CUST05126,West,188890.7,41,Yes
CUST05127,East,6690.37,38,Yes
CUST05128,East,84979.04,30,Yes
CUST05129,West,32079.29,20,Yes
CUST05130,East,111446.81,4,Yes
CUST05131,North,12427.27,93,Yes
CUST05132,West,40481.75,81,Yes
CUST05133,East,148958.32,31,Yes
CUST05134,West,50122.93,35,Yes
CUST05135,East,111911.67,45,No
CUST05136,West,198042.88,12,Yes
CUST05137,East,149597.6,84,No
CUST05138,West,75559.91,52,Yes
CUST05139,West,97107.72,64,Yes
CUST05140,West,174868.13,7,Yes
CUST05141,West,99951.85,24,Yes
CUST05142,West,174582.76,8,Yes
CUST05143,East,24956.21,21,No
CUST05144,West,180645.35,68,No
CUST05145,North,150613.45,74,Yes
CUST05146,East,45161.21,11,Yes
CUST05147,East,95654.55,48,Yes
CUST05148,North,76886.06,60,Yes
CUST05149,West,144120.12,80,Yes
CUST05150,North,135261.49,88,Yes
CUST05151,North,49092.57,74,Yes
CUST05152,North,118683.18,88,No
CUST05153,North,72934.19,29,Yes
CUST05154,West,64500.89,95,No
CUST05155,East,50686.53,68,No
CUST05156,North,94776.1,59,Yes
CUST05157,West,51629.68,73,No
CUST05158,North,172451.29,14,No
CUST05159,North,180105.88,78,Yes
CUST05160,West,194479.7,46,Yes
CUST05161,West,124840.35,14,Yes
CUST05162,South,63732.49,75,No
CUST05163,South,11396.49,39,Yes
CUST05164,South,158098.24,23,Yes
CUST05165,West,1127.25,72,No
CUST05166,North,98605.2,28,Yes
CUST05167,East,198954.66,78,Yes
CUST05168,North,18047.17,70,No
CUST05169,East,68794.6,37,Yes
CUST05170,West,189254.44,69,No
CUST05171,South,86610.34,70,Yes
CUST05172,East,22894.23,79,Yes
CUST05173,West,195451.92,30,Yes
CUST05174,North,31116.91,30,Yes
CUST05175,West,38677.42,64,Yes
CUST05176,East,157624.27,18,No
CUST05177,East,21340.05,49,No
CUST05178,South,45111.1,54,Yes
CUST05179,South,102623.21,96,No
CUST05180,West,161724.26,46,Yes
CUST05181,South,68704.82,61,Yes
CUST05182,East,50790.69,81,No
CUST05183,North,38006.68,68,Yes
CUST05184,South,83747.47,24,No
CUST05185,South,55177.26,61,Yes
CUST05186,North,136331.32,71,Yes
CUST05187,West,64451.51,52,Yes
CUST05188,North,172244.52,28,Yes
CUST05189,South,16677.63,98,Yes
CUST05190,East,47674.28,42,Yes
CUST05191,East,66292.59,1,Yes
CUST05192,East,99493.57,15,Yes
CUST05193,West,96854.78,98,No
CUST05194,East,158327.83,6,No
CUST05195,West,98182.57,30,No
CUST05196,West,38952.73,13,Yes
CUST05197,East,178863.7,3,No
CUST05198,East,175985.36,50,Yes
CUST05199,North,22363.44,84,No
CUST05200,East,139730.82,99,Yes
CUST05201,North,51872.76,18,Yes
CUST05202,East,53200.85,33,No
CUST05203,South,157185.89,27,No
CUST05204,East,138991.74,10,No
CUST05205,West,187676.45,57,No
CUST05206,South,175420.64,28,Yes
CUST05207,North,53239.42,14,No
CUST05208,North,119376.24,25,Yes
CUST05209,South,8289.7,12,No
CUST05210,South,26313.62,78,Yes
CUST05211,South,86978.15,38,Yes
CUST05212,East,161347.0,67,Yes
CUST05213,South,85406.97,16,Yes
CUST05214,South,163675.6,4,Yes
CUST05215,West,130885.12,47,No
CUST05216,East,78191.88,36,No
CUST05217,North,80033.35,64,Yes
CUST05218,North,107956.14,59,Yes
CUST05219,West,7913.69,55,Yes
CUST05220,North,163547.19,87,No
CUST05221,South,198587.79,49,Yes
CUST05222,West,24006.77,27,No
CUST05223,North,93246.89,3,Yes
CUST05224,South,102908.67,17,Yes
CUST05225,East,6079.25,71,Yes
CUST05226,East,140098.04,85,Yes
CUST05227,East,164622.58,71,No
CUST05228,East,40948.24,85,Yes
CUST05229,South,32898.4,20,Yes
CUST05230,North,175301.26,62,Yes
CUST05231,East,163044.61,69,Yes
CUST05232,North,61854.71,13,Yes
CUST05233,South,3839.96,59,Yes
CUST05234,North,92553.18,86,Yes
CUST05235,North,104050.44,38,Yes
CUST05236,East,46571.28,52,Yes
CUST05237,West,69848.53,40,No
CUST05238,North,97636.06,44,Yes
CUST05239,West,133341.32,8,Yes
CUST05240,West,183876.89,17,Yes
CUST05241,West,41720.47,78,Yes
CUST05242,North,51339.14,62,Yes
CUST05243,East,186274.69,98,No
CUST05244,East,10600.58,11,Yes
CUST05245,South,192659.82,47,Yes
CUST05246,East,20443.12,50,Yes
CUST05247,North,167791.68,90,Yes
CUST05248,East,184447.25,19,No
CUST05249,South,46932.74,62,Yes
CUST05250,West,40423.63,49,Yes
CUST05251,East,149566.77,4,Yes
CUST05252,East,76445.66,53,Yes
CUST05253,North,35451.96,11,Yes
CUST05254,East,149438.5,10,Yes
CUST05255,North,192985.75,31,Yes
CUST05256,South,166482.33,70,Yes
CUST05257,East,130414.34,25,Yes
CUST05258,West,196084.09,98,Yes
CUST05259,North,136134.75,89,Yes
CUST05260,North,183527.09,77,Yes
CUST05261,South,56488.68,11,Yes
CUST05262,East,130721.12,18,No
CUST05263,West,16543.83,72,Yes
CUST05264,West,38766.0,80,No
CUST05265,South,150924.23,60,Yes
CUST05266,South,143323.18,72,No
CUST05267,South,16872.92,85,Yes
CUST05268,West,73224.82,23,Yes
CUST05269,West,156910.24,90,Yes
CUST05270,West,154077.01,33,Yes
CUST05271,East,131033.25,6,No
CUST05272,South,104561.34,92,No
CUST05273,South,68283.21,63,No
CUST05274,West,158152.69,26,Yes
CUST05275,East,122068.46,61,Yes
CUST05276,South,40843.97,74,Yes
CUST05277,North,21620.14,72,Yes
CUST05278,North,192027.38,89,No
CUST05279,South,168479.64,8,Yes
CUST05280,South,21458.9,3,Yes
CUST05281,North,41083.16,15,Yes
CUST05282,North,172541.53,64,Yes
CUST05283,South,111083.51,89,Yes
CUST05284,West,150327.4,59,Yes
CUST05285,North,120093.89,40,No
CUST05286,West,183337.9,87,Yes
CUST05287,North,100638.63,99,No
CUST05288,West,186394.11,1,No
CUST05289,North,68033.15,9,Yes
CUST05290,East,115674.41,31,No
CUST05291,East,30703.12,46,Yes
CUST05292,West,36175.29,83,Yes
CUST05293,North,117517.29,61,Yes
CUST05294,South,33633.61,30,Yes
CUST05295,South,20832.57,3,Yes
CUST05296,East,16426.02,62,Yes
CUST05297,North,115299.58,73,Yes
CUST05298,North,82392.54,34,Yes
CUST05299,West,6170.48,29,Yes
CUST05300,North,166811.13,73,Yes
CUST05301,West,68232.92,38,Yes
CUST05302,East,182342.69,62,No
CUST05303,East,53804.88,45,Yes
CUST05304,East,40717.91,22,No
CUST05305,North,98896.14,89,Yes
CUST05306,North,196952.43,50,No
CUST05307,South,90454.71,7,No
CUST05308,North,176177.96,88,Yes
CUST05309,South,89704.57,65,Yes
CUST05310,North,109569.3,44,No
CUST05311,East,121857.59,88,Yes
CUST05312,West,126847.78,9,Yes
CUST05313,South,65869.83,84,Yes
CUST05314,South,126098.47,88,No
CUST05315,West,43737.12,44,Yes
CUST05316,West,149805.29,68,Yes
CUST05317,West,36461.09,5,No
CUST05318,South,78864.09,50,Yes
CUST05319,East,26142.64,46,No
CUST05320,East,112977.7,64,No
CUST05321,North,87554.16,2,No
CUST05322,East,147288.05,68,Yes
CUST05323,East,69418.77,68,Yes
CUST05324,North,112991.24,3,Yes
CUST05325,West,38004.47,21,No
CUST05326,North,120943.23,36,Yes
CUST05327,South,187708.83,22,Yes
CUST05328,East,70954.08,61,Yes
CUST05329,South,35906.85,33,No
CUST05330,West,74874.3,37,Yes
CUST05331,West,27543.51,36,No
CUST05332,East,138419.98,81,Yes
CUST05333,East,99290.61,22,Yes
CUST05334,North,83551.3,78,Yes
CUST05335,East,152027.95,94,Yes
CUST05336,North,31145.06,38,No
CUST05337,West,113997.39,6,No
CUST05338,West,112624.52,91,Yes
CUST05339,South,104645.81,80,No
CUST05340,North,58502.61,90,Yes
CUST05341,East,185379.82,83,No
CUST05342,East,82489.76,73,No
CUST05343,East,64704.88,73,No
CUST05344,North,121759.45,63,Yes
CUST05345,South,22339.92,56,Yes
CUST05346,North,136882.7,18,Yes
CUST05347,South,95068.67,43,Yes
CUST05348,West,70467.43,69,Yes
CUST05349,North,163270.47,31,No
CUST05350,North,163463.15,90,No
CUST05351,North,64557.44,94,No
CUST05352,South,8927.98,55,Yes
CUST05353,West,63722.27,30,Yes
CUST05354,North,150719.93,36,Yes
CUST05355,South,193944.84,20,Yes
CUST05356,West,84592.47,49,Yes
CUST05357,West,92730.15,99,Yes
CUST05358,East,129326.21,78,Yes
CUST05359,South,108936.4,88,Yes
CUST05360,West,177776.84,22,No
CUST05361,East,162839.2,12,Yes
CUST05362,East,54025.5,51,No
CUST05363,South,5737.4,55,No
CUST05364,East,10209.7,44,No
CUST05365,North,105373.35,3,Yes
CUST05366,North,50728.75,56,No
CUST05367,South,197293.32,55,Yes
CUST05368,North,104841.32,57,Yes
CUST05369,North,138267.81,41,No
CUST05370,North,64881.68,21,No
CUST05371,East,41778.29,66,Yes
CUST05372,South,152687.11,42,No
CUST05373,East,55105.78,40,No
CUST05374,West,93762.09,4,No
CUST05375,North,170406.48,73,No
CUST05376,South,20418.25,58,No
CUST05377,North,35902.33,10,No
CUST05378,South,20353.59,58,Yes
CUST05379,South,165602.89,40,Yes
CUST05380,East,160119.42,10,Yes
CUST05381,South,17311.79,71,Yes
CUST05382,East,180363.35,36,No
CUST05383,West,45832.49,7,Yes
CUST05384,South,179757.66,32,Yes
CUST05385,South,77790.27,13,Yes
CUST05386,West,72271.23,33,No
CUST05387,South,101741.61,64,No
CUST05388,North,50213.06,81,No
CUST05389,East,127672.35,1,Yes
CUST05390,North,114496.15,98,No
CUST05391,South,14871.84,81,No
CUST05392,North,141066.68,63,No
CUST05393,North,3515.88,39,Yes
CUST05394,South,37337.68,96,No
CUST05395,South,162913.57,69,No
CUST05396,South,155030.16,53,Yes
CUST05397,West,130308.35,86,Yes
CUST05398,North,87361.19,13,No
CUST05399,North,30027.96,72,Yes
CUST05400,North,177196.06,31,Yes
CUST05401,North,79634.67,48,Yes
CUST05402,East,145095.35,87,No
CUST05403,East,26178.86,90,Yes
CUST05404,North,76199.24,46,No
CUST05405,East,74662.51,71,No
CUST05406,East,177499.55,48,No
CUST05407,South,65525.73,95,Yes
CUST05408,East,132947.72,1,Yes
CUST05409,South,192354.22,55,Yes
CUST05410,South,8477.0,8,Yes
CUST05411,East,65591.15,20,No
CUST05412,North,161730.43,56,No
CUST05413,West,9936.99,52,No
CUST05414,South,84959.21,61,Yes
CUST05415,West,26690.17,71,No
CUST05416,West,19321.94,83,Yes
CUST05417,West,86197.48,69,Yes
CUST05418,East,89298.46,58,Yes
CUST05419,East,165597.92,49,No
CUST05420,North,171460.3,54,Yes
CUST05421,West,52336.2,99,No
CUST05422,East,81574.54,32,No
CUST05423,North,141599.4,38,No
CUST05424,South,165182.74,66,No
CUST05425,East,91462.12,37,Yes
CUST05426,West,187195.37,55,Yes
CUST05427,West,42127.91,42,No
CUST05428,West,167467.52,11,No
CUST05429,West,58293.27,3,Yes
CUST05430,North,2702.4,32,Yes
CUST05431,North,3091.09,20,Yes
CUST05432,West,105811.18,24,Yes
CUST05433,West,196720.58,39,Yes
CUST05434,West,8592.57,65,No
CUST05435,North,119109.86,75,Yes
CUST05436,North,9059.64,89,Yes
CUST05437,East,136332.22,63,Yes
CUST05438,South,160166.06,29,Yes
CUST05439,West,122997.35,51,Yes
CUST05440,East,17478.05,22,Yes
CUST05441,West,111836.54,89,Yes
CUST05442,West,134719.27,46,Yes
CUST05443,North,37462.91,92,Yes
CUST05444,North,97091.42,88,Yes
CUST05445,South,199175.43,54,Yes
CUST05446,South,70144.09,78,No
CUST05447,East,71356.1,48,Yes
CUST05448,West,71903.05,25,No
CUST05449,North,177380.0,63,No
CUST05450,South,92299.18,54,Yes
CUST05451,North,178916.87,56,Yes
CUST05452,West,191343.13,32,Yes
CUST05453,West,128090.11,27,No
CUST05454,South,75100.89,85,Yes
CUST05455,South,120808.68,20,No
CUST05456,West,154236.06,86,Yes
CUST05457,North,13246.99,30,Yes
CUST05458,South,197102.04,85,No
CUST05459,West,125561.09,22,No
CUST05460,East,134471.34,88,Yes
CUST05461,South,172588.07,58,No
CUST05462,South,16428.75,2,No
CUST05463,North,53170.62,96,No
CUST05464,East,112545.79,96,Yes
CUST05465,South,82967.76,99,No
CUST05466,West,182447.48,57,No
CUST05467,North,42738.06,40,Yes
CUST05468,South,71736.87,98,Yes
CUST05469,North,143419.08,5,No
CUST05470,South,189630.04,48,No
CUST05471,East,150564.5,18,No
CUST05472,East,10903.67,3,Yes
CUST05473,South,138219.09,65,No
CUST05474,South,72956.46,19,No
CUST05475,East,65176.95,49,No
CUST05476,West,21583.6,52,Yes
CUST05477,South,34851.27,97,Yes
CUST05478,West,182051.06,85,No
CUST05479,East,188440.2,11,Yes
CUST05480,East,94351.49,77,Yes
CUST05481,South,80571.88,13,Yes
CUST05482,West,140611.14,85,Yes
CUST05483,North,196507.02,48,Yes
CUST05484,West,154818.39,75,Yes
CUST05485,West,122694.79,77,Yes
CUST05486,West,67636.39,45,Yes
CUST05487,South,120040.58,14,Yes
CUST05488,East,169469.67,34,Yes
CUST05489,North,105450.57,46,No
CUST05490,North,35604.54,67,Yes
CUST05491,East,26158.82,9,No
CUST05492,North,52144.24,50,Yes
CUST05493,South,110765.9,87,No
CUST05494,East,9279.04,85,No
CUST05495,East,151971.07,58,No
CUST05496,West,90791.85,98,Yes
CUST05497,East,136281.01,89,Yes
CUST05498,South,37585.3,60,No
CUST05499,West,140174.82,92,Yes
CUST05500,East,29526.68,63,Yes
CUST05501,East,28998.39,18,Yes
CUST05502,South,41334.95,14,Yes
CUST05503,West,84369.23,86,No
CUST05504,East,10074.94,14,Yes
CUST05505,North,118606.35,57,No
CUST05506,North,198955.98,74,No
CUST05507,East,135729.83,79,No
CUST05508,North,187258.84,21,Yes
CUST05509,North,38129.43,99,Yes
CUST05510,North,172237.5,73,Yes
CUST05511,East,153819.57,64,Yes
CUST05512,South,37133.92,30,Yes
CUST05513,South,142032.15,75,No
CUST05514,East,139863.14,52,No
CUST05515,West,51150.93,12,Yes
CUST05516,East,179746.0,29,Yes
CUST05517,North,136183.79,77,No
CUST05518,South,93409.69,33,Yes
CUST05519,West,166805.54,59,No
CUST05520,West,24848.29,32,Yes
CUST05521,South,133750.12,88,No
CUST05522,East,120923.95,13,Yes
CUST05523,North,82388.31,92,Yes
CUST05524,North,106914.73,58,Yes
CUST05525,West,75703.65,86,No
CUST05526,West,67518.41,37,Yes
CUST05527,South,128483.69,30,Yes
CUST05528,South,44469.21,73,Yes
CUST05529,East,139802.31,40,No
CUST05530,East,6791.19,43,No
CUST05531,North,44213.91,44,No
CUST05532,West,158011.97,44,Yes
CUST05533,South,98518.0,74,Yes
CUST05534,West,41321.15,6,No
CUST05535,East,40609.82,28,Yes
CUST05536,East,125682.72,80,Yes
CUST05537,West,111433.63,52,Yes
CUST05538,West,174631.58,90,Yes
CUST05539,North,136867.76,75,Yes
CUST05540,South,158086.55,71,Yes
CUST05541,South,10676.87,27,No
CUST05542,West,191615.84,19,Yes
CUST05543,North,168983.95,63,Yes
CUST05544,North,61198.29,61,Yes
CUST05545,West,25676.6,46,Yes
CUST05546,East,198906.52,74,Yes
CUST05547,West,74551.48,94,No
CUST05548,West,101695.06,62,Yes
CUST05549,South,80427.21,44,Yes
CUST05550,North,82322.88,45,Yes
CUST05551,North,62151.44,34,No
CUST05552,West,88245.35,81,No
CUST05553,South,38809.31,5,Yes
CUST05554,North,20041.56,98,Yes
CUST05555,West,183187.83,29,No
CUST05556,South,31417.21,23,No
CUST05557,East,186553.13,34,Yes
CUST05558,East,32951.0,66,Yes
CUST05559,North,62977.06,69,Yes
CUST05560,West,177728.0,18,Yes
CUST05561,West,86724.11,16,No
CUST05562,East,86058.78,44,No
CUST05563,North,184171.93,55,No
CUST05564,South,168579.62,51,Yes
CUST05565,South,98845.87,44,Yes
CUST05566,West,32693.08,61,Yes
CUST05567,East,145025.53,23,Yes
CUST05568,East,135845.02,54,Yes
CUST05569,North,80286.61,83,Yes
CUST05570,South,92287.04,95,Yes
CUST05571,East,13985.78,14,No
CUST05572,West,82572.29,28,No
CUST05573,West,147973.34,28,No
CUST05574,West,147463.3,52,No
CUST05575,East,179271.1,37,No
CUST05576,East,116428.67,35,Yes
CUST05577,North,188648.14,77,Yes
CUST05578,West,18378.15,69,Yes
CUST05579,North,91447.07,60,Yes
CUST05580,West,135093.75,43,Yes
CUST05581,East,45842.05,73,Yes
CUST05582,South,81873.57,87,Yes
CUST05583,West,38652.59,65,No
CUST05584,South,113786.15,88,Yes
CUST05585,West,58769.2,37,Yes
CUST05586,North,69292.1,88,Yes
CUST05587,South,97671.04,83,Yes
CUST05588,West,199219.75,13,Yes
CUST05589,South,89897.59,16,No
CUST05590,South,44594.26,68,Yes
CUST05591,West,1262.65,16,No
CUST05592,West,164923.15,62,Yes
CUST05593,South,102029.08,90,No
CUST05594,South,60081.47,81,Yes
CUST05595,West,104299.25,7,Yes
CUST05596,West,140618.27,94,Yes
CUST05597,West,186210.89,67,Yes
CUST05598,East,68378.61,56,No
CUST05599,South,129816.77,7,Yes
CUST05600,East,159835.99,54,No
CUST05601,South,63793.95,67,Yes
CUST05602,East,80480.66,64,No
CUST05603,South,40031.73,22,Yes
CUST05604,North,129507.23,78,Yes
CUST05605,West,172621.09,81,Yes
CUST05606,East,115519.58,48,Yes
CUST05607,West,58653.87,99,Yes
CUST05608,West,135482.4,71,Yes
CUST05609,West,152904.47,87,Yes
CUST05610,West,83696.35,28,No
CUST05611,East,155068.9,83,No
CUST05612,South,83231.31,74,No
CUST05613,East,7804.89,25,Yes
CUST05614,North,116265.02,9,No
CUST05615,North,99302.99,90,Yes
CUST05616,East,15993.48,99,Yes
CUST05617,North,56906.55,78,Yes
CUST05618,South,19479.04,97,No
CUST05619,West,38446.15,12,Yes
CUST05620,South,32865.52,93,No
CUST05621,East,79513.3,60,Yes
CUST05622,East,16305.22,43,No
CUST05623,North,6823.16,34,Yes
CUST05624,East,101804.21,30,Yes
CUST05625,South,23827.75,90,Yes
CUST05626,East,148170.68,29,Yes
CUST05627,East,156586.2,97,No
CUST05628,East,73393.42,61,Yes
CUST05629,West,135089.02,37,Yes
CUST05630,West,50566.29,68,Yes
CUST05631,North,187224.17,86,Yes
CUST05632,East,50721.37,75,Yes
CUST05633,East,101003.81,14,Yes
CUST05634,West,185389.2,67,No
CUST05635,North,154897.27,21,No
CUST05636,North,71865.07,4,Yes
CUST05637,South,41015.61,65,No
CUST05638,East,145241.44,20,No
CUST05639,West,10788.61,69,Yes
CUST05640,North,60825.75,36,Yes
CUST05641,West,87330.47,21,Yes
CUST05642,South,118677.18,24,Yes
CUST05643,West,27403.73,76,Yes
CUST05644,South,101137.73,56,Yes
CUST05645,South,187833.1,40,Yes
CUST05646,West,155447.2,87,No
CUST05647,North,134627.84,21,Yes
CUST05648,East,177781.92,17,Yes
CUST05649,West,33406.47,90,No
CUST05650,West,127957.9,13,No
CUST05651,South,148480.3,23,Yes
CUST05652,East,107148.07,30,Yes
CUST05653,West,152399.53,76,Yes
CUST05654,West,63894.21,24,No
CUST05655,South,171100.89,1,Yes
CUST05656,South,110245.95,97,Yes
CUST05657,West,151902.84,91,Yes
CUST05658,West,9836.09,74,No
CUST05659,East,50964.73,28,No
CUST05660,East,40396.68,62,Yes
CUST05661,East,44646.31,67,Yes
CUST05662,West,134546.94,65,Yes
CUST05663,North,14443.41,19,No
CUST05664,East,53800.01,15,No
CUST05665,South,169901.74,27,No
CUST05666,East,127385.01,33,No
CUST05667,South,55204.53,29,Yes
CUST05668,North,185004.85,82,Yes
CUST05669,South,176356.66,42,No
CUST05670,North,98012.95,69,Yes
CUST05671,East,189557.07,99,No
CUST05672,South,136905.4,97,No
CUST05673,East,77391.12,24,Yes
CUST05674,West,175690.99,19,Yes
CUST05675,North,5018.79,17,Yes
CUST05676,North,38537.67,35,Yes
CUST05677,West,29518.7,1,No
CUST05678,West,153425.68,6,No
CUST05679,West,155396.43,21,Yes
CUST05680,West,148818.13,8,No
CUST05681,West,28867.81,67,No
CUST05682,West,31015.06,58,Yes
CUST05683,North,31170.52,88,Yes
CUST05684,East,39409.41,88,No
CUST05685,South,6778.94,74,Yes
CUST05686,West,73678.17,71,No
CUST05687,South,45875.12,96,No
CUST05688,East,70950.0,10,Yes
CUST05689,East,9601.41,88,No
CUST05690,North,34638.47,41,No
CUST05691,East,94508.09,88,Yes
CUST05692,South,185599.11,18,Yes
CUST05693,West,26041.9,67,Yes
CUST05694,North,69205.34,56,Yes
CUST05695,East,16190.79,26,Yes
CUST05696,West,118977.55,15,No
CUST05697,West,191178.06,5,No
CUST05698,North,6311.94,27,No
CUST05699,North,80675.76,35,Yes
CUST05700,East,173371.59,3,Yes
CUST05701,East,26475.2,87,Yes
CUST05702,South,30266.91,38,Yes
CUST05703,South,97502.87,46,Yes
CUST05704,East,184398.72,54,No
CUST05705,North,178983.58,9,Yes
CUST05706,West,114240.27,75,Yes
CUST05707,West,122294.54,95,Yes
CUST05708,East,128429.12,35,Yes
CUST05709,North,142646.38,32,Yes
CUST05710,East,196988.32,14,No
CUST05711,West,73087.04,71,Yes
CUST05712,North,6469.55,96,Yes
CUST05713,East,186815.1,2,No
CUST05714,North,196340.28,17,No
CUST05715,South,17200.54,8,No
CUST05716,East,142318.23,38,Yes
CUST05717,North,75330.9,37,No
CUST05718,South,170310.39,90,No
CUST05719,South,98518.46,14,Yes
CUST05720,West,120494.1,93,No
CUST05721,South,136600.0,62,Yes
CUST05722,West,90423.81,66,Yes
CUST05723,East,95596.71,19,Yes
CUST05724,West,39999.77,50,Yes
CUST05725,West,70617.97,95,Yes
CUST05726,West,150108.78,63,No
CUST05727,East,185347.5,58,Yes
CUST05728,West,58619.01,87,Yes
CUST05729,North,24417.63,45,Yes
CUST05730,North,104745.48,58,Yes
CUST05731,East,135029.79,39,Yes
CUST05732,West,154004.68,1,Yes
CUST05733,East,195851.49,30,Yes
CUST05734,South,164826.67,57,Yes
CUST05735,East,163803.85,45,Yes
CUST05736,North,109047.04,64,Yes
CUST05737,South,4401.61,31,Yes
CUST05738,South,32310.2,73,No
CUST05739,West,36372.89,89,Yes
CUST05740,South,181722.63,11,No
CUST05741,South,57332.21,14,Yes
CUST05742,East,172279.7,31,Yes
CUST05743,South,53587.72,20,No
CUST05744,South,187837.78,79,No
CUST05745,East,93507.44,12,Yes
CUST05746,East,30373.76,86,Yes
CUST05747,East,109515.34,35,Yes
CUST05748,East,111135.52,20,Yes
CUST05749,South,21605.17,99,Yes
CUST05750,West,115953.94,16,Yes
CUST05751,South,198805.55,98,No
CUST05752,North,182501.5,15,Yes
CUST05753,East,38658.28,90,No
CUST05754,West,73130.19,52,Yes
CUST05755,South,103885.93,87,Yes
CUST05756,North,122513.13,46,No
CUST05757,South,156814.68,59,No
CUST05758,East,113561.42,47,Yes
CUST05759,West,131073.65,5,Yes
CUST05760,West,127691.57,44,Yes
CUST05761,North,15691.9,43,Yes
CUST05762,East,16903.11,42,Yes
CUST05763,East,190893.17,11,No
CUST05764,East,75660.1,70,Yes
CUST05765,North,31690.33,55,Yes
CUST05766,North,59736.05,34,No
CUST05767,South,184139.75,11,Yes
CUST05768,South,18357.6,62,No
CUST05769,West,178245.04,87,No
CUST05770,West,69529.01,21,No
CUST05771,West,139829.33,51,No
CUST05772,East,49083.23,36,No
CUST05773,East,44491.14,29,Yes
CUST05774,North,166536.71,80,Yes
CUST05775,North,46435.71,65,No
CUST05776,North,32912.82,36,Yes
CUST05777,North,186313.73,48,Yes
CUST05778,West,67855.89,97,No
CUST05779,West,33293.88,81,Yes
CUST05780,North,148010.86,89,Yes
CUST05781,West,151703.81,25,Yes
CUST05782,South,134133.19,10,Yes
CUST05783,West,178609.77,18,No
CUST05784,West,4982.92,12,No
CUST05785,East,98143.04,98,Yes
CUST05786,West,38952.49,87,No
CUST05787,South,105509.98,9,Yes
CUST05788,North,54407.29,93,Yes
CUST05789,East,141475.43,38,Yes
CUST05790,West,31271.16,14,No
CUST05791,East,5410.99,71,Yes
CUST05792,West,46309.64,66,Yes
CUST05793,North,16673.43,13,Yes
CUST05794,North,134566.04,30,No
CUST05795,North,119939.72,23,Yes
CUST05796,North,64499.97,23,Yes
CUST05797,North,28140.69,1,No
CUST05798,West,3110.88,34,No
CUST05799,West,43645.77,51,Yes
CUST05800,West,38173.37,82,No
CUST05801,South,56742.43,79,Yes
CUST05802,South,80106.94,19,No
CUST05803,East,166161.63,4,No
CUST05804,South,141751.55,96,Yes
CUST05805,South,168834.94,75,No
CUST05806,South,165997.27,76,Yes
CUST05807,East,75330.56,21,Yes
CUST05808,West,165368.76,53,Yes
CUST05809,South,111046.32,13,Yes
CUST05810,West,80392.69,45,Yes
CUST05811,South,44081.95,67,Yes
CUST05812,North,169113.28,74,No
CUST05813,South,47197.63,58,No
CUST05814,West,57646.42,38,Yes
CUST05815,West,149830.56,1,Yes
CUST05816,South,111618.41,94,No
CUST05817,North,150836.77,55,Yes
CUST05818,West,80688.6,42,Yes
CUST05819,South,65100.41,83,Yes
CUST05820,East,89634.81,39,No
CUST05821,West,113474.31,76,Yes
CUST05822,West,133135.21,48,Yes
CUST05823,East,9158.19,87,Yes
CUST05824,North,173635.14,72,Yes
CUST05825,West,159722.27,28,No
CUST05826,North,179849.37,52,No
CUST05827,East,116505.42,38,Yes
CUST05828,West,92051.54,41,Yes
CUST05829,East,191906.49,67,Yes
CUST05830,East,72423.69,32,No
CUST05831,West,99072.19,58,Yes
CUST05832,West,39638.25,18,No
CUST05833,West,5339.55,42,No
CUST05834,West,140866.49,40,No
CUST05835,East,74408.04,23,No
CUST05836,West,150368.88,90,No
CUST05837,North,126346.86,81,No
CUST05838,North,158386.9,10,Yes
CUST05839,South,130891.96,74,Yes
CUST05840,North,17409.16,52,Yes
CUST05841,West,78108.5,13,Yes
CUST05842,East,121600.66,57,Yes
CUST05843,South,19798.76,54,No
CUST05844,East,163199.72,9,Yes
CUST05845,North,108105.47,72,No
CUST05846,West,100218.67,9,Yes
CUST05847,South,150574.53,62,Yes
CUST05848,North,162140.99,95,Yes
CUST05849,South,124568.27,63,No
CUST05850,North,47733.21,54,Yes
CUST05851,South,187781.46,10,Yes
CUST05852,East,129894.56,12,Yes
CUST05853,South,96261.74,73,No
CUST05854,West,21918.71,55,No
CUST05855,East,145167.62,11,No
CUST05856,East,106078.74,74,Yes
CUST05857,South,93300.52,50,No
CUST05858,North,163457.67,72,Yes
CUST05859,East,169770.84,99,No
CUST05860,South,46575.99,63,Yes
CUST05861,East,196898.79,70,Yes
CUST05862,West,131513.94,73,Yes
CUST05863,West,41881.42,64,No
CUST05864,South,57584.44,64,No
CUST05865,South,198367.82,74,Yes
CUST05866,East,60698.3,46,Yes
CUST05867,West,133487.96,1,No
CUST05868,North,129083.12,63,Yes
CUST05869,South,161934.36,70,Yes
CUST05870,South,153567.82,79,Yes
CUST05871,North,70424.48,12,Yes
CUST05872,North,59750.42,29,No
CUST05873,East,181637.34,5,Yes
CUST05874,South,99460.59,7,Yes
CUST05875,East,54174.25,46,Yes
CUST05876,West,37621.94,87,Yes
CUST05877,West,91181.51,32,Yes
CUST05878,South,179164.47,3,Yes
CUST05879,North,34227.8,65,Yes
CUST05880,North,96973.02,28,No
CUST05881,West,150510.15,42,No
CUST05882,West,80300.01,89,No
CUST05883,South,196754.68,97,Yes
CUST05884,South,79916.18,17,Yes
CUST05885,North,122151.62,2,Yes
CUST05886,North,141963.43,41,Yes
CUST05887,West,58924.7,89,No
CUST05888,North,149633.83,2,Yes
CUST05889,North,160987.86,19,Yes
CUST05890,West,160429.96,56,No
CUST05891,North,26973.76,45,No
CUST05892,North,110974.28,21,No
CUST05893,West,131837.19,41,No
CUST05894,West,196111.38,44,Yes
CUST05895,West,140825.25,74,Yes
CUST05896,North,106748.26,92,No
CUST05897,North,161295.12,99,Yes
CUST05898,West,65463.88,75,Yes
CUST05899,East,125336.56,56,Yes
CUST05900,East,176429.7,54,No
CUST05901,East,135921.61,14,No
CUST05902,East,51440.4,44,Yes
CUST05903,South,167055.54,23,No
CUST05904,West,34046.82,4,No
CUST05905,South,58403.21,61,Yes
CUST05906,West,115883.98,89,No
CUST05907,South,39843.57,76,Yes
CUST05908,South,8426.41,65,No
CUST05909,East,48767.65,82,Yes
CUST05910,North,9365.24,4,No
CUST05911,North,72779.94,56,Yes
CUST05912,East,22815.37,72,No
CUST05913,East,90026.33,84,Yes
CUST05914,South,29706.4,81,Yes
CUST05915,East,12022.76,51,Yes
CUST05916,South,81170.28,62,No
CUST05917,West,182305.94,24,No
CUST05918,South,61134.92,66,No
CUST05919,West,1671.22,80,Yes
CUST05920,East,1725.69,6,No
CUST05921,East,93374.93,13,No
CUST05922,North,24463.36,41,Yes
CUST05923,South,110361.12,81,No
CUST05924,East,106562.14,70,Yes
CUST05925,South,117763.77,48,No
CUST05926,East,141800.16,55,Yes
CUST05927,East,100740.94,34,Yes
CUST05928,West,187803.45,48,Yes
CUST05929,West,87064.19,1,No
CUST05930,North,22730.22,43,Yes
CUST05931,North,16542.76,73,Yes
CUST05932,North,158829.02,4,Yes
CUST05933,West,176573.94,61,No
CUST05934,North,35153.05,74,No
CUST05935,East,80947.3,30,Yes
CUST05936,North,176270.01,63,No
CUST05937,South,54918.55,84,No
CUST05938,South,79256.05,36,No
CUST05939,South,157074.65,8,Yes
CUST05940,West,95510.74,79,Yes
CUST05941,North,8759.29,64,Yes
CUST05942,East,86201.74,62,Yes
CUST05943,South,108460.31,15,Yes
CUST05944,North,156061.82,85,No
CUST05945,West,85698.69,79,Yes
CUST05946,North,91906.45,75,Yes
CUST05947,South,77447.88,67,No
CUST05948,South,131280.5,11,Yes
CUST05949,West,4195.71,54,Yes
CUST05950,West,176933.05,17,Yes
CUST05951,East,28109.33,7,Yes
CUST05952,North,131723.92,5,Yes
CUST05953,North,50849.78,55,No
CUST05954,East,10515.45,30,No
CUST05955,East,129884.26,48,Yes
CUST05956,North,188589.29,29,Yes
CUST05957,East,136845.72,10,No
CUST05958,East,79263.45,96,Yes
CUST05959,South,50858.67,80,Yes
CUST05960,South,191905.46,8,Yes
CUST05961,South,57746.1,58,No
CUST05962,North,32279.31,3,Yes
CUST05963,West,174201.41,62,Yes
CUST05964,South,25324.6,29,Yes
CUST05965,West,164347.89,6,Yes
CUST05966,North,87556.86,62,No
CUST05967,South,192127.02,16,No
CUST05968,West,47702.02,76,No
CUST05969,West,69529.91,80,No
CUST05970,East,75189.19,86,No
CUST05971,East,77012.16,97,Yes
CUST05972,West,39266.05,78,Yes
CUST05973,South,130381.09,60,Yes
CUST05974,East,17649.02,36,Yes
CUST05975,West,112587.9,39,Yes
CUST05976,South,34747.61,4,Yes
CUST05977,West,91022.46,40,No
CUST05978,South,178483.16,31,No
CUST05979,South,99598.84,77,No
CUST05980,West,14432.74,13,Yes
CUST05981,South,73762.79,3,No
CUST05982,West,154930.32,49,Yes
CUST05983,East,111717.93,97,No
CUST05984,East,32431.33,31,Yes
CUST05985,West,58989.05,37,Yes
CUST05986,East,199074.41,94,Yes
CUST05987,South,17824.12,42,Yes
CUST05988,North,159615.51,84,Yes
CUST05989,South,194794.21,39,Yes
CUST05990,North,10428.77,14,No
CUST05991,North,92221.42,62,Yes
CUST05992,West,92409.93,8,Yes
CUST05993,West,136812.8,8,Yes
CUST05994,East,45450.92,81,No
CUST05995,East,76940.6,65,Yes
CUST05996,South,150266.73,17,Yes
CUST05997,East,83902.9,63,Yes
CUST05998,South,186839.54,83,Yes
CUST05999,North,171030.17,5,Yes
CUST06000,South,80138.55,95,No
